area,bedrooms,bathrooms,age,location_score,garage,year_built,price
1748,3,1.5,21.0,53.1,1,1992,381226
1431,3,1.0,7.2,78.4,0,1998,340027
1824,3,3.5,12.3,81.0,1,1978,408960
2262,4,4.0,6.6,52.0,1,1980,433122
1383,5,2.0,9.2,64.7,1,2002,353530
1383,5,1.5,3.5,65.6,1,1983,342985
2290,2,1.0,43.4,59.9,0,1987,365028
1884,5,3.5,0.2,52.6,1,2006,388278
1265,5,2.5,42.8,70.2,1,1953,319946
1771,3,2.0,17.0,73.9,1,1951,398885
1268,3,2.5,8.1,60.8,1,1961,350421
1267,2,2.0,25.7,53.6,1,1984,337055
1621,1,2.5,14.2,76.2,2,2019,385480
543,2,3.5,13.8,58.5,1,2021,270830
638,2,3.0,2.3,65.4,0,1970,288743
1219,4,3.0,9.9,63.5,1,2010,333790
994,4,2.0,5.5,88.7,0,1984,361335
1657,2,3.0,0.3,59.2,2,1997,374610
1046,2,3.0,8.9,95.9,0,1964,318127
794,2,1.5,1.9,81.3,1,2020,288510
2233,5,2.5,5.9,97.3,1,1964,528833
1387,4,2.0,1.9,80.0,2,1955,378668
1534,2,3.5,2.1,66.7,1,2017,372493
788,3,2.5,4.4,56.2,2,1971,310361
1228,3,4.0,50.0,64.7,0,1981,323582
1555,5,1.5,0.0,92.3,0,1971,476107
925,5,3.5,20.4,69.3,1,1976,317029
1688,1,3.0,3.0,79.9,2,1964,430147
1200,1,3.5,50.0,73.1,2,1993,302320
1354,1,2.0,2.0,73.7,0,1958,331930
1199,5,2.5,50.0,74.3,0,1983,344886
2426,5,3.5,18.9,77.4,1,2022,500520
1493,5,1.5,0.0,57.8,0,1964,326870
971,3,1.5,44.9,65.9,0,2011,273815
1911,5,2.5,14.8,74.6,0,1994,349348
890,3,2.5,6.1,72.5,0,2021,362821
1604,1,2.0,29.2,63.1,1,2007,307977
520,1,2.0,50.0,76.2,0,1968,228765
836,1,2.0,13.2,58.4,1,1965,257373
1598,2,3.5,7.6,51.7,2,2024,338524
1869,2,3.0,31.1,74.4,1,1957,340803
1586,4,3.5,22.9,52.0,1,1982,321257
1442,4,4.0,43.9,74.2,0,2023,376783
1349,4,2.5,23.6,40.7,1,1967,319778
761,2,1.0,5.6,59.1,1,1984,258768
1140,2,1.0,50.0,65.1,1,1992,245905
1270,4,2.0,2.2,45.9,0,1999,315160
2029,4,4.0,6.2,64.4,2,1952,409815
1672,5,2.5,14.7,87.8,1,2008,388291
618,4,2.0,16.7,50.9,1,1977,247491
1662,5,2.0,0.3,64.8,2,1995,385730
1307,3,3.0,30.3,95.5,1,2013,415736
1162,2,3.0,9.0,54.1,1,2019,251148
1806,4,1.5,10.4,91.0,2,1996,415183
2015,2,4.0,33.1,65.8,1,1963,392805
1966,2,2.5,9.5,71.5,0,1956,439766
1080,2,1.5,1.0,89.4,2,2023,313445
1345,3,3.5,3.9,62.7,1,1980,305267
1666,1,1.0,50.0,79.5,2,2000,327533
1988,4,3.5,1.5,83.3,1,1978,450056
1260,1,4.0,8.8,60.2,1,1964,298437
1407,1,3.0,14.0,58.6,1,2025,311301
947,1,3.5,13.6,66.6,2,1974,312524
902,2,2.0,0.1,67.0,1,2010,305628
1906,5,4.0,13.9,53.8,0,1990,407018
2178,2,2.5,9.7,60.4,1,2018,424456
1464,2,3.0,50.0,18.0,0,1953,224459
2002,1,4.0,3.5,65.0,1,2006,377467
1681,2,4.0,8.7,83.4,2,1980,424907
1177,1,3.5,10.9,45.0,1,1952,234212
1681,5,2.0,9.9,63.1,1,2016,401390
2269,4,4.0,21.9,100.0,0,1999,457672
1482,1,3.0,4.9,69.7,1,1966,284529
2282,5,4.0,5.0,90.4,1,2009,516168
500,4,3.0,26.1,54.8,1,2023,243628
1911,3,2.0,13.9,76.7,0,2015,315190
1544,1,2.0,10.7,52.3,1,2024,265010
1350,1,2.5,3.7,76.0,0,1973,367169
1546,3,3.5,4.2,82.6,1,1981,367626
506,3,2.0,0.2,79.1,0,1968,286916
1390,1,2.5,1.9,64.8,2,2015,283452
1679,3,2.0,16.3,74.1,1,2009,434967
2239,2,3.5,44.5,74.3,1,2015,387595
1241,4,2.5,6.8,80.0,1,1964,337086
1096,4,1.0,7.9,68.1,1,1984,341271
1249,4,1.5,2.5,84.0,1,2018,433704
1958,2,1.0,9.8,91.5,1,1976,370262
1664,3,2.5,0.8,65.2,1,1956,337807
1235,5,1.5,49.9,70.7,1,1955,388423
1757,3,1.5,22.4,56.4,0,1982,316353
1549,1,4.0,50.0,75.1,1,2007,310026
1984,4,3.5,42.9,75.2,1,1998,312057
1149,3,2.5,12.8,70.9,0,1966,311920
1336,5,4.0,14.7,72.0,1,1991,332072
1304,1,1.0,4.2,98.8,2,2021,323009
768,2,3.0,12.4,26.7,2,1989,178551
1648,2,3.0,46.7,62.6,1,1995,350915
1631,5,2.5,1.0,64.8,1,2020,332694
1503,1,2.0,39.8,91.9,1,2019,260407
1383,4,2.5,8.3,77.1,1,2017,334250
792,3,2.0,46.0,77.5,0,1950,294528
1290,1,3.0,50.0,88.9,2,2001,299569
1329,2,1.5,22.2,67.3,1,1984,286265
1099,5,1.5,21.8,79.8,2,2018,365819
1419,5,1.5,12.1,62.0,1,1954,342684
1702,3,2.0,36.1,54.2,1,1966,354649
2443,5,2.5,50.0,96.9,0,2002,444893
1587,5,1.5,29.8,75.5,2,2001,367033
1629,1,3.5,19.5,79.7,1,1963,428319
1463,4,2.0,18.7,53.8,1,1978,326575
541,3,1.5,37.9,77.7,2,1957,264393
1487,1,3.0,15.6,96.7,1,1950,352898
1530,4,1.0,32.6,65.8,1,1978,246161
2732,1,3.0,14.2,51.2,1,1985,427192
1404,1,3.0,1.3,72.8,1,2000,384114
1651,5,1.5,9.7,54.5,1,1986,401833
1483,4,1.0,11.8,46.6,1,2018,291903
916,3,2.0,3.1,59.0,1,2002,281319
2071,3,1.5,2.2,62.6,1,2001,392130
1876,4,1.5,15.3,55.2,1,1961,367792
1896,5,2.0,1.8,89.9,1,2001,472166
1045,2,2.0,7.2,98.3,2,1950,352380
2201,1,2.5,27.3,79.3,2,1956,370299
799,5,3.0,50.0,75.8,1,1966,310769
1793,4,3.0,25.3,67.9,1,1992,416889
2595,1,1.5,50.0,56.6,1,2020,443611
1005,3,1.5,24.0,94.0,1,1966,307140
1217,2,3.5,7.0,69.1,1,2008,332728
1550,3,2.5,22.3,63.1,1,1952,321615
1248,4,3.5,24.2,85.2,1,1978,379642
725,1,2.0,9.3,68.9,1,1971,275359
1534,4,3.0,0.4,84.7,0,1987,387216
969,1,2.5,24.3,63.9,1,2003,204300
1737,5,2.0,0.4,85.3,1,1999,467049
1040,2,2.5,19.9,84.7,1,2018,316381
2275,5,2.5,3.6,89.9,1,1979,460634
1108,5,1.5,16.7,59.4,2,1972,305088
1339,4,2.0,14.0,68.8,1,1996,351646
1907,2,3.5,0.3,99.2,1,1970,401145
885,1,3.5,9.0,66.3,0,1969,254375
1614,1,2.0,18.4,82.2,1,1972,292858
2154,3,2.0,37.8,100.0,1,2017,390483
696,1,1.5,43.9,42.3,1,1970,186016
1592,4,3.0,13.2,65.8,1,1970,318478
1630,5,2.0,26.1,70.0,1,1950,414390
1891,5,4.0,7.6,43.0,1,1964,344648
882,5,2.0,8.4,63.2,1,1966,320293
840,2,2.0,4.3,55.4,1,2000,271419
1761,1,3.0,16.5,82.9,2,2012,399396
1648,4,3.5,7.6,44.0,1,1963,380876
1625,2,2.5,1.8,98.3,1,2008,390808
1673,3,2.5,23.1,80.3,1,1999,362569
1160,4,4.0,24.6,54.2,1,1983,339519
1616,4,1.0,8.9,85.4,1,1955,390816
1647,4,3.5,1.6,79.0,0,1998,387015
1143,5,1.5,11.1,69.4,1,1955,350190
2433,4,3.5,11.7,59.2,0,2018,418934
1737,1,3.0,22.1,78.2,2,1956,334246
904,4,2.0,7.6,71.8,1,2026,304093
1828,5,3.5,23.0,59.7,1,2000,411480
1013,4,1.0,41.0,49.9,1,1950,229485
1894,3,1.5,5.4,57.2,1,1962,393172
2079,3,2.5,50.0,62.5,0,1992,325793
1090,5,2.0,9.8,87.4,2,1976,290653
1982,1,3.0,6.2,82.9,1,2020,408306
1706,1,1.0,10.9,63.2,0,1952,218684
1911,2,1.5,2.0,63.8,2,2007,324509
2448,5,1.5,2.7,84.9,1,1966,586374
1377,4,1.5,10.7,74.0,1,1994,385592
1123,5,2.5,28.7,73.8,0,2007,365058
1055,2,3.5,46.1,59.4,1,2005,236863
1092,5,3.5,21.9,68.1,1,2003,340623
1461,5,3.5,2.2,70.1,1,1978,444298
1671,2,1.5,22.3,68.6,0,2003,337018
1638,1,2.5,20.2,81.0,1,1976,377995
1914,4,1.5,32.8,81.5,1,1994,453694
1507,2,2.0,34.9,56.2,1,1980,308006
2227,3,2.5,40.5,62.5,1,1985,326624
1368,1,1.0,10.7,59.7,0,2010,283394
2860,3,1.5,23.9,90.8,0,1986,448090
1813,1,4.0,6.2,100.0,1,2016,357971
1071,4,2.5,50.0,63.0,1,1985,314071
965,4,2.5,3.9,67.5,2,1954,371147
1741,5,1.0,0.2,82.6,1,1995,404256
1388,3,1.5,3.2,59.4,1,2001,328781
1857,1,3.5,29.9,83.0,2,1998,294970
1737,4,1.5,11.8,69.7,0,1955,402667
1464,2,2.0,11.9,43.8,1,1959,307996
1077,4,1.0,50.0,50.5,1,1972,258171
743,2,2.5,50.0,64.9,0,1966,198398
1277,1,1.0,7.5,88.3,1,1993,262108
1928,4,3.5,4.7,56.6,1,1990,475557
1607,4,3.5,37.7,62.0,1,1964,316233
877,1,3.5,47.3,73.2,1,1993,260536
1587,4,2.0,15.6,45.0,1,2007,292524
1693,2,3.5,19.9,74.5,0,1999,272392
1058,4,2.5,5.9,46.8,1,2001,311518
1577,3,2.0,32.3,78.5,1,2019,365934
1529,5,3.0,20.0,57.9,2,2017,308363
929,2,1.0,14.0,55.9,1,2012,274243
1679,3,1.5,1.2,74.1,1,2007,346213
1780,1,3.0,49.5,81.9,1,1972,298446
2042,2,1.5,19.1,75.6,2,1993,332383
2027,5,3.0,4.3,73.1,1,1993,475507
811,5,2.0,18.6,73.3,1,2001,255990
1031,1,3.5,22.6,75.7,2,2016,263597
1758,1,4.0,14.9,76.7,2,1977,388833
1757,2,3.5,25.3,64.1,1,2016,356768
1758,4,2.0,17.4,79.8,1,1967,348700
3426,1,1.5,50.0,58.0,1,1976,465167
1785,4,2.5,1.1,86.4,2,2000,379924
2068,3,1.0,2.2,81.7,1,2009,392863
1977,5,1.0,3.8,100.0,2,2023,442490
1826,4,2.5,23.4,77.7,0,1998,370931
1342,5,2.5,20.7,83.6,1,1964,371839
1879,4,4.0,44.5,46.6,1,2022,342732
1114,3,1.5,26.4,84.1,1,2017,307669
1382,1,2.0,14.2,87.6,1,1964,321677
1257,3,1.5,50.0,92.6,1,2000,355221
1541,1,4.0,6.2,71.8,1,1997,338970
2657,1,3.5,35.8,64.9,1,2021,423657
566,5,3.5,11.1,53.7,1,1950,296232
1843,3,3.5,20.9,55.0,1,1956,371376
694,4,2.5,26.0,69.6,1,2002,309463
1264,3,2.5,20.1,43.7,1,1980,251301
2044,5,2.0,3.0,58.5,1,1967,431314
1532,1,3.0,11.7,71.3,2,1961,330069
961,5,2.5,16.5,71.0,1,1997,301192
1142,2,2.5,37.8,55.5,1,1979,282675
1840,2,4.0,11.7,51.5,1,1956,336107
1135,4,4.0,50.0,53.7,1,1952,308610
1608,5,3.5,11.6,66.7,0,2012,281592
1523,4,3.5,15.9,100.0,2,1955,458100
1174,4,3.0,31.8,85.9,2,1964,452409
2572,2,1.5,17.5,73.2,1,2020,407267
1817,4,1.0,50.0,78.3,1,1992,343521
500,2,3.0,21.6,85.2,1,1967,261914
1593,1,3.0,14.8,80.1,1,1971,363984
1169,5,1.0,0.5,65.4,1,2010,325987
1926,4,4.0,10.7,57.3,1,2010,423270
1104,2,1.5,7.1,68.1,1,2002,340878
1443,3,2.0,27.6,85.1,2,1975,385882
1752,4,3.0,4.7,65.9,1,1989,382578
1933,1,1.5,4.6,53.4,1,1957,286171
900,1,1.0,4.2,44.1,1,1970,210874
1333,3,2.0,2.7,68.2,2,1992,336258
1263,2,3.5,7.5,54.6,1,1970,266488
1173,4,2.0,43.4,63.5,1,1952,328518
2383,2,3.0,29.8,91.8,1,1980,452909
1702,1,2.5,26.6,69.2,1,1976,287988
870,2,1.0,31.9,58.7,0,1976,184261
1959,1,4.0,6.3,74.6,0,2022,403676
2561,2,1.0,43.7,98.8,1,2006,349441
2016,3,4.0,3.0,68.2,1,1982,415680
740,5,2.5,8.2,34.7,2,1993,264377
1258,3,4.0,17.7,79.8,1,1992,385687
2133,3,1.5,2.2,75.2,0,1980,426769
1146,5,2.5,26.2,71.4,1,2014,312778
1722,5,1.5,9.8,66.7,1,2025,414815
1887,4,1.0,30.7,57.9,0,1966,325567
1037,4,3.0,13.6,92.7,2,1964,373853
1470,3,1.5,4.0,42.4,2,1983,308276
500,3,3.0,26.5,65.4,1,1953,313326
988,1,1.5,5.8,65.0,1,2021,259759
1374,1,2.0,13.5,82.8,0,1977,260087
876,4,3.5,1.6,88.5,1,2022,335788
2316,4,2.5,19.2,66.6,1,1951,448639
785,1,3.0,21.9,72.9,1,1966,256109
1280,1,3.0,9.5,74.2,2,2007,323522
1565,2,3.5,50.0,85.8,0,2023,321419
2221,2,2.0,41.5,85.5,1,1958,276361
782,1,3.0,24.6,61.9,2,1980,233094
2082,2,4.0,25.0,76.6,1,2015,394299
1505,5,3.0,5.8,75.7,0,2011,321302
1009,4,2.5,21.4,68.3,1,1968,277002
1731,4,3.0,4.4,75.6,1,2023,388679
1600,1,3.0,3.1,70.3,2,2004,336401
1200,3,3.0,50.0,72.4,2,1977,323832
1535,1,1.0,19.5,49.7,2,1999,267095
1307,2,1.5,11.3,56.2,2,2014,304423
1557,3,3.5,6.8,82.3,1,1952,360375
1831,2,2.0,18.5,51.8,2,2001,336398
2293,5,3.0,1.0,77.1,2,1959,545112
881,2,2.0,2.0,68.8,1,1970,292272
2567,5,2.5,0.7,85.5,1,1986,484320
524,5,1.0,13.8,79.7,1,1964,267597
1424,2,1.5,18.4,63.2,1,2023,302655
1794,2,4.0,1.3,66.7,0,1958,362401
1640,5,3.5,25.5,40.2,2,1993,374029
1189,3,3.0,5.2,68.0,2,1988,278029
1396,5,2.5,23.1,50.9,1,1954,326347
1253,4,3.0,50.0,66.7,1,1974,327540
1205,5,3.0,23.5,60.4,2,2005,349743
1925,3,2.5,42.9,56.9,1,2013,326668
1679,4,1.0,50.0,87.8,1,2021,343674
1154,1,3.0,13.3,50.9,1,2001,237569
1950,1,3.5,24.2,55.6,2,2025,355920
1654,3,4.0,38.2,59.5,2,1958,364889
1906,5,1.0,8.8,62.8,1,1959,330281
1815,2,3.0,6.1,56.8,1,1959,376342
1086,3,2.5,50.0,64.6,2,2022,266119
1220,4,2.5,25.9,74.5,0,2011,316302
1874,4,1.5,5.0,80.0,1,2009,476520
1805,1,2.0,11.9,79.3,0,1968,397778
1490,4,2.0,31.8,41.4,1,1987,254686
1559,3,2.0,15.8,75.7,1,1955,307481
2139,4,3.0,21.0,76.6,1,1964,378771
1204,3,3.0,28.0,60.1,2,1996,360343
1774,2,3.0,19.5,95.0,0,1994,361473
1399,1,4.0,15.5,86.3,2,1954,305189
1391,4,2.0,27.7,67.3,2,2002,381924
2049,3,1.5,26.0,61.1,1,2015,376865
1913,5,3.0,19.9,94.8,1,2011,549175
1907,1,1.5,8.9,69.7,1,1972,361161
2153,2,2.0,10.4,71.3,1,1993,381583
1511,3,1.5,50.0,71.1,1,2001,316266
1841,2,1.0,2.4,100.0,1,1995,377461
1345,2,3.5,6.3,66.8,1,1968,376151
1662,4,2.0,13.6,69.6,1,1996,418650
1435,4,2.5,36.2,57.5,2,2001,276163
1548,3,1.0,3.6,64.2,0,1973,354818
1798,5,3.0,6.5,54.5,1,1966,347703
1091,3,2.0,1.4,57.8,1,1995,372338
2546,5,3.0,24.5,42.9,2,2013,489918
997,2,2.0,5.4,83.2,0,1977,269617
893,1,1.5,9.8,72.4,1,1999,269373
2079,3,2.5,11.7,73.6,1,2013,440077
1896,3,1.5,44.4,69.2,1,1977,319711
1812,5,2.5,10.6,71.1,2,2005,357521
1814,2,2.0,3.1,94.3,1,2008,400085
1494,2,3.5,14.9,58.5,1,1954,320140
1051,5,1.0,50.0,74.2,1,2003,272910
1538,2,3.0,18.7,74.1,2,1993,394615
1161,4,1.5,50.0,87.1,1,1991,278412
1988,1,2.0,36.8,76.6,2,2021,345673
1426,3,2.0,0.7,77.3,1,2006,363015
1087,1,3.5,21.5,51.1,1,1996,269562
1339,3,1.5,6.8,57.9,1,2025,344536
1706,4,1.5,16.4,52.5,1,1974,330024
1218,2,2.0,6.6,32.9,0,1993,181588
1089,5,1.5,8.6,76.0,2,1964,339523
1622,4,1.5,50.0,66.1,1,2000,348435
1622,1,2.5,4.6,76.0,2,2002,346013
1247,5,1.0,41.4,70.5,0,1983,305133
1264,2,1.0,0.6,73.6,1,2026,327442
1616,4,3.0,1.9,90.1,2,1957,452823
776,5,2.0,38.6,70.1,1,2026,240971
796,4,1.5,19.9,80.0,1,2019,303254
1141,4,2.0,27.5,65.5,2,1970,311260
1393,2,3.0,4.7,82.4,1,1956,357929
1655,3,2.0,15.4,51.4,1,2005,260357
2238,5,2.5,26.7,42.4,2,1998,444189
1929,2,1.5,19.7,100.0,0,1991,386774
1420,4,3.0,12.8,97.5,2,1972,429207
1490,2,2.0,50.0,40.8,0,2001,287637
999,3,3.0,22.5,69.5,1,2002,318305
1491,5,3.5,47.7,72.2,0,1965,301603
1356,3,3.0,26.2,80.8,1,1986,344778
1661,1,2.0,26.6,96.1,0,1967,368032
1086,5,2.0,1.7,54.1,2,1969,333573
1760,3,2.0,8.9,54.9,1,1995,401513
2266,4,1.5,39.1,70.0,0,1951,350226
1446,5,1.5,5.3,55.5,1,2012,388781
1701,5,3.5,2.5,29.3,1,1952,382659
1845,2,2.0,7.9,66.6,1,1995,356313
1299,4,2.5,5.0,82.9,0,1998,376331
1612,1,3.0,50.0,69.7,1,1950,272928
1506,3,3.0,40.5,79.4,0,1971,327760
1549,2,1.0,13.9,77.2,0,1963,339155
1113,3,3.5,1.3,54.6,1,1994,310263
1512,1,1.5,25.1,71.0,1,1955,300249
1749,1,3.0,19.5,47.1,1,2014,334146
2226,5,3.5,50.0,62.3,0,1970,322519
1980,1,3.0,16.4,70.8,2,1953,382017
2577,3,2.5,8.2,70.0,2,1952,524692
1116,4,1.0,14.6,50.6,1,1979,272863
1936,4,2.0,50.0,53.7,0,1980,288405
1592,5,3.0,23.8,74.4,2,1983,381370
2595,3,2.0,22.3,82.4,1,1969,373565
1096,3,3.5,5.5,66.9,1,2003,336022
1080,1,2.0,27.2,66.1,1,1974,258929
1200,3,2.0,27.7,84.0,1,1964,337195
500,2,2.0,7.6,58.4,1,1987,230457
1237,1,2.0,13.2,95.9,1,1972,335700
1120,2,2.5,7.0,49.8,1,2001,289251
1575,5,3.0,6.0,85.7,1,2015,368658
1671,4,3.0,0.5,78.1,2,2006,426654
2438,5,3.5,6.7,100.0,0,2006,580051
1975,4,3.5,16.1,53.2,1,2001,347859
1212,5,3.5,0.0,35.0,1,1984,334384
1051,3,1.0,6.7,88.7,1,2023,369165
1746,2,3.0,42.6,47.9,1,1963,266639
840,4,1.5,18.0,79.2,1,1963,332182
2416,1,1.5,18.7,87.7,0,1982,384156
2090,2,3.0,10.3,75.7,1,2001,436554
1265,1,2.0,22.6,73.5,1,1950,266459
643,2,1.0,4.2,76.0,1,1983,261888
2177,2,1.5,34.2,82.6,0,1968,312689
1443,5,1.0,2.5,78.8,1,1973,393112
2119,4,3.5,21.3,51.8,1,1953,407569
703,4,1.0,8.3,97.4,0,1985,334786
1200,2,1.5,27.5,70.8,1,2026,300220
1503,3,2.0,16.0,77.8,1,2007,347907
1523,3,2.0,12.0,80.7,1,1981,307012
1275,1,3.5,3.7,87.3,1,1958,379266
1811,1,1.0,20.3,85.8,2,2016,349034
966,5,2.5,50.0,72.0,2,1969,328704
1429,2,3.0,34.9,71.0,1,2023,311011
1560,1,4.0,1.2,76.1,1,2011,429338
1757,1,3.0,9.4,86.5,0,2007,343128
1856,2,3.5,50.0,53.3,1,1971,299130
938,5,1.5,14.0,79.7,1,2016,282110
733,1,2.0,21.7,56.7,1,2024,225854
2139,5,2.0,48.7,97.8,0,1997,507259
1666,4,3.5,41.4,75.5,1,1957,378109
1126,5,1.5,13.9,63.8,1,2022,332945
2276,3,1.5,11.5,76.4,1,1964,448236
1558,3,2.0,8.3,70.1,1,1981,355870
2090,5,1.0,25.4,67.6,1,2002,440419
1534,3,1.5,6.8,42.9,1,2016,343361
2530,4,4.0,5.8,54.6,1,1953,419350
2378,2,2.5,8.8,67.9,0,1979,338503
1376,3,3.0,3.9,44.7,1,1962,334512
1986,3,3.0,23.8,61.2,1,1970,382604
1823,5,2.0,19.2,62.5,1,1990,341371
2184,4,1.5,13.2,58.3,1,1968,361372
1018,2,1.5,9.9,81.6,1,1997,281303
1843,5,2.0,48.0,56.8,1,2012,356457
2029,5,3.0,0.6,71.3,1,1969,481524
621,4,2.0,29.3,64.7,2,2013,302035
908,2,1.0,46.4,68.2,1,1986,256656
500,4,2.5,11.8,94.1,0,1980,302580
1365,2,4.0,16.0,72.7,0,2023,407499
1859,4,3.5,50.0,75.6,2,1967,391391
2251,5,3.5,4.8,58.5,0,1969,414295
1537,5,3.5,14.7,79.4,0,1960,343030
2314,1,2.0,12.9,78.8,1,1993,376429
810,3,3.5,6.0,77.3,2,2013,343419
648,4,1.5,34.1,51.9,1,1983,200539
1472,1,3.0,46.0,61.2,1,2014,254942
1692,3,3.0,30.5,91.5,1,2004,369153
1484,4,1.0,4.3,59.7,0,2023,301405
500,2,3.5,1.8,93.5,2,1950,289689
1455,3,3.5,18.6,61.8,1,1987,377415
848,5,2.0,1.2,72.2,1,1958,277377
1835,1,3.5,22.3,67.2,2,2020,358885
1683,3,1.0,15.1,57.3,2,1966,348772
1030,3,3.0,21.7,57.5,1,2001,276274
1243,5,2.5,17.8,59.4,1,1967,329672
970,4,2.5,11.0,72.2,2,2012,331822
1469,2,4.0,4.5,83.4,1,1982,398722
1978,5,3.5,7.3,71.2,2,1953,509932
1007,2,3.5,14.9,69.5,2,2024,270987
1752,4,2.0,21.1,88.2,0,2001,353823
1235,3,3.5,30.2,70.6,2,1958,304651
1104,2,1.5,29.1,61.9,1,2013,263420
1446,1,3.5,50.0,55.0,1,1979,262345
982,1,2.0,6.7,89.1,0,1957,315501
1223,5,1.0,1.5,65.1,2,1954,324465
901,4,3.0,8.5,61.3,1,2025,283631
2482,5,1.5,27.2,60.0,1,2012,385979
1518,5,1.5,11.5,88.2,2,1950,408175
1150,5,2.0,34.1,61.4,1,1964,344133
1607,1,1.0,15.9,84.9,1,1987,326635
1444,1,1.5,50.0,66.5,2,1991,259011
1390,5,1.0,50.0,51.9,1,1995,263663
1807,1,2.5,1.4,65.0,2,2002,403377
1879,4,1.5,12.2,69.5,2,1975,320341
1235,5,3.0,18.8,68.3,1,2010,348528
1212,1,1.5,5.9,67.9,1,2016,306178
1362,2,4.0,10.5,65.2,1,2003,327708
500,5,3.5,22.6,58.2,1,1971,268126
742,5,2.0,5.1,70.2,1,1975,334528
2183,4,3.5,18.4,78.1,1,2009,389296
2322,3,3.5,23.9,48.1,0,1988,310350
1375,3,4.0,1.9,89.5,0,1985,399373
1788,4,3.0,13.8,14.6,1,1970,277237
1656,4,1.0,6.1,71.1,0,1990,360951
3039,4,3.0,25.8,77.0,1,1997,485957
2060,3,3.0,4.2,60.9,0,1975,393865
1436,4,3.0,44.6,38.1,1,2012,283812
1022,1,2.0,11.3,68.5,0,2026,279174
697,5,3.5,4.4,72.5,1,1985,312389
1602,5,4.0,11.5,52.8,2,1973,417311
1122,2,1.5,10.5,57.5,1,1970,240338
789,2,1.5,11.2,84.4,1,1967,320439
1177,5,1.5,17.6,71.8,1,1964,408179
959,1,3.5,14.7,47.4,1,1955,253724
2344,3,3.0,3.2,76.7,1,1992,507899
1941,3,3.0,1.4,56.0,1,1980,446219
1496,1,2.0,26.1,58.4,1,1977,274241
2240,3,2.5,16.4,73.0,0,1957,402437
1539,4,2.0,8.9,71.6,2,1978,342937
1069,5,2.5,33.0,64.0,0,1970,286814
2262,5,3.5,9.8,62.4,1,2007,452009
1769,1,4.0,31.8,66.2,2,2009,288131
981,3,4.0,7.3,58.3,0,1999,328411
1405,2,4.0,1.5,86.3,1,1980,382980
1062,2,2.0,50.0,46.5,1,1996,242112
809,3,2.5,10.0,66.4,1,1983,283975
1963,2,3.0,31.5,48.1,1,1951,350095
2455,1,4.0,6.5,84.0,0,2016,440853
801,1,1.5,20.8,66.4,1,2021,250044
1781,3,2.0,41.3,54.1,1,2001,346334
1175,2,1.5,0.9,80.3,1,1956,279266
1256,1,3.0,35.5,35.6,1,2025,218046
1204,1,2.0,16.9,74.2,1,1968,358449
1068,4,2.0,18.7,87.3,1,1964,350499
1524,4,1.0,14.8,72.7,1,1997,289193
1085,1,2.0,41.5,62.4,1,1963,202380
1635,3,3.5,0.9,51.4,1,1952,349518
1475,5,1.5,6.0,86.2,1,1999,372925
1381,5,3.0,41.7,83.9,1,2003,341948
1046,1,3.0,27.9,60.3,1,1955,307619
1212,1,3.5,0.4,60.7,1,1998,291551
1878,1,1.5,14.6,87.8,1,1972,390933
1750,3,4.0,15.1,78.0,1,1969,405835
1011,4,2.5,10.2,43.2,1,2026,277084
1550,1,4.0,7.1,67.1,1,2009,301113
1876,1,3.5,22.9,66.5,1,1994,373160
665,2,1.5,4.7,73.7,1,2010,203693
1772,3,1.0,32.1,70.1,2,2005,374172
1169,1,2.0,32.5,62.3,1,1951,261866
1785,2,2.5,10.7,72.7,1,1994,383598
1118,5,1.5,6.7,63.3,2,1989,338322
598,1,1.5,6.7,100.0,1,1973,248473
686,1,2.5,13.2,71.8,0,1978,257049
1524,2,1.0,25.4,69.8,1,2016,332247
1630,3,1.5,8.9,97.6,1,2017,372017
1048,1,2.0,18.8,49.5,1,2015,255844
1819,5,1.0,9.6,68.4,1,2003,396784
669,1,2.0,7.3,55.8,1,2002,238652
1467,5,2.5,0.5,79.5,1,1998,364926
894,4,2.5,0.1,62.6,1,1981,353553
1174,4,3.5,5.2,78.7,1,2010,378744
1524,5,2.5,10.4,77.6,2,1991,434332
1070,3,2.5,38.1,81.7,1,1950,298595
1308,1,2.0,32.0,77.9,2,2012,330335
2003,1,3.5,6.2,66.6,0,1984,346953
1212,4,3.5,5.6,49.0,1,2000,296920
1918,5,3.5,5.2,85.1,1,2020,532094
935,1,3.0,8.3,91.1,0,1994,233309
1765,1,1.5,13.8,55.9,2,2026,406658
2221,3,2.0,11.5,81.0,2,2014,454804
500,2,1.0,4.9,52.4,1,1963,207967
1102,4,4.0,2.8,73.1,0,1952,364991
1789,4,3.0,0.3,76.1,1,1973,439965
1398,2,3.0,3.3,63.6,2,2014,325422
1686,1,2.0,24.4,71.4,1,1997,384446
1198,3,3.5,5.6,82.7,0,1959,404465
1543,3,2.0,12.6,68.4,0,1962,426203
1422,4,1.0,17.9,59.9,1,2022,280269
2084,3,2.0,43.6,51.6,2,1963,351726
1627,2,2.5,43.9,64.1,1,1959,266343
1669,1,2.5,27.4,52.4,1,1989,261165
1294,2,3.5,0.7,64.3,0,1972,310973
1256,5,1.5,17.1,63.0,1,2004,322093
1284,4,2.5,30.9,82.1,1,2012,361990
1697,3,2.5,0.3,71.1,1,2020,371001
1290,5,2.0,16.0,100.0,1,1991,429186
1645,3,3.5,39.0,39.8,2,2015,323065
2538,1,3.5,12.9,74.7,0,2022,479627
1936,1,3.0,0.1,63.2,1,1996,388342
1337,1,3.5,0.2,55.7,1,2001,269281
2101,3,3.0,10.8,69.6,1,1967,396896
1296,5,1.5,3.4,68.4,1,1967,351862
500,1,3.0,21.8,86.2,2,1973,280603
996,5,2.0,24.7,71.4,1,1972,358828
565,3,1.5,3.9,59.6,0,1961,251355
1324,5,1.0,43.9,75.0,1,1972,347339
1509,3,3.0,11.7,66.6,1,1970,310513
2338,3,3.0,3.1,53.1,1,2013,384750
1663,4,1.5,28.9,66.3,1,2021,279327
1390,3,3.0,31.2,73.5,0,1983,341936
1915,3,4.0,20.4,71.1,1,1951,427683
500,2,1.5,38.4,75.0,1,2018,197670
1618,1,1.5,26.7,62.1,1,1980,296816
1885,4,3.5,42.8,74.8,1,2017,384784
761,4,2.0,11.4,71.8,1,2019,352355
2072,4,3.0,27.5,71.9,1,1968,369331
1669,2,1.0,50.0,70.5,2,2021,335480
1292,3,2.5,25.8,100.0,1,1962,407543
1816,1,3.0,2.4,86.7,1,2014,374895
2635,5,3.0,14.6,74.4,1,1955,493820
1591,3,3.5,17.7,58.0,2,2020,391153
1624,2,3.5,3.8,65.6,2,1976,323345
1270,3,3.5,50.0,94.2,1,2001,333117
1075,3,3.0,3.9,61.6,0,1997,311955
1915,2,1.0,3.9,67.5,2,2017,433529
1072,4,2.5,49.3,66.7,1,1993,282537
1536,4,1.0,12.5,75.5,1,1966,346559
1261,1,3.5,1.3,63.5,2,1987,367226
1739,1,2.0,18.2,72.7,1,1959,352465
1667,4,2.5,18.4,63.8,0,2003,431616
2019,5,2.0,1.3,89.7,2,1955,510302
1245,3,3.5,50.0,59.7,1,1955,289863
1365,5,3.5,15.7,84.7,1,2001,387146
1011,3,2.0,16.4,61.2,1,1964,262926
1278,4,3.5,14.7,57.2,1,2017,292387
1689,1,2.0,18.9,59.5,1,2006,316665
1878,1,2.5,6.1,44.3,1,2005,334601
1039,5,3.5,6.8,76.6,1,1956,395036
1935,1,2.0,14.3,52.5,2,2000,323098
2178,4,4.0,32.9,64.6,1,2007,490181
1707,5,1.5,1.0,81.4,1,2013,353315
2438,3,1.0,18.5,80.9,1,1975,355363
1113,1,3.5,32.9,48.5,1,2007,229999
878,2,1.0,3.4,74.7,1,1980,279636
611,1,4.0,0.3,87.1,2,2015,274449
2248,3,4.0,7.5,60.4,1,1962,471480
1827,5,1.5,17.7,77.7,0,1967,362604
1472,3,2.5,3.0,52.9,1,2024,297606
1640,2,1.5,11.1,75.8,1,1962,378073
937,4,2.5,16.1,72.0,0,1973,316507
2723,1,1.0,18.3,79.9,0,2006,431485
1565,5,1.5,6.4,79.0,1,1978,387663
1555,4,2.0,10.2,49.7,2,2005,350008
1863,3,2.5,30.1,72.0,1,2003,313530
1741,5,4.0,50.0,91.8,1,1954,411752
1612,4,3.5,39.6,37.2,0,1984,273134
1105,5,3.0,16.6,84.5,1,1968,443322
1736,2,2.5,10.6,94.0,0,2004,430761
2441,2,3.5,8.1,47.7,1,2026,364869
2173,1,2.0,2.7,59.9,1,2018,351148
2297,1,3.0,2.3,77.8,2,1993,408907
1244,2,4.0,23.3,56.7,1,1987,367000
1005,5,2.0,6.0,90.5,1,2011,382905
1437,2,3.0,5.9,85.9,2,1971,355213
1528,1,3.5,50.0,49.2,1,2022,275043
2047,2,3.5,4.2,58.9,1,1989,320510
654,2,3.0,3.2,81.5,2,1975,301819
2265,5,2.0,2.1,81.0,1,1954,408459
1421,4,2.0,17.3,100.0,1,2003,319414
1287,1,1.0,19.8,56.8,1,1998,308428
994,5,3.5,9.1,91.9,0,1952,376059
673,2,1.0,15.3,56.3,0,1987,201158
1912,2,3.5,31.1,77.5,1,1963,310804
1537,4,1.5,34.1,83.4,1,1996,348853
855,1,1.5,50.0,25.1,1,1963,154696
852,1,2.5,34.8,83.7,1,2024,289449
1332,3,3.0,16.6,90.8,2,2022,340506
2335,1,1.5,4.0,86.4,2,1987,390246
1370,4,2.5,2.1,100.0,1,2013,368402
748,3,2.5,1.1,84.5,2,1993,319570
1377,3,1.5,22.0,61.9,1,2019,245424
1364,2,1.5,33.0,88.6,1,2014,295740
500,2,3.5,14.2,61.1,0,1974,257521
1473,1,2.5,1.1,71.2,0,1965,279717
1385,3,1.0,15.3,82.5,2,1964,379714
1848,2,3.5,50.0,76.7,1,1952,383754
2424,4,4.0,18.2,90.3,1,2016,526806
2063,2,3.0,33.2,100.0,0,1986,404356
1366,2,2.5,32.2,52.9,1,2004,278239
947,3,3.5,50.0,65.1,1,1987,287248
2787,3,4.0,29.4,74.7,2,2012,532644
1530,5,3.5,27.5,63.1,0,1950,406402
1507,4,2.5,5.3,68.9,1,2020,306485
1488,3,3.0,1.2,81.6,0,1968,339022
1599,1,3.0,14.6,79.6,1,2001,308393
1428,4,1.5,2.7,73.7,1,1979,384731
1213,4,2.5,50.0,72.2,0,2004,284634
1227,3,3.5,6.8,66.6,1,1963,330744
1484,4,3.0,38.3,91.1,0,1962,433921
1228,3,2.0,9.8,95.0,2,1976,409073
1144,2,3.0,7.8,85.3,1,1958,383564
1553,5,1.5,50.0,52.8,1,1990,291855
1373,2,2.0,9.0,66.1,2,1997,232527
2252,3,3.5,9.9,73.0,1,1961,409857
500,3,1.5,2.2,55.9,1,1959,208043
2046,2,1.5,22.2,71.2,1,1955,288950
2123,1,4.0,6.8,70.3,1,1983,435008
500,1,1.5,17.6,86.3,1,2001,224332
1329,1,2.0,17.9,62.5,1,1990,259956
1314,3,4.0,25.4,87.4,2,1955,361279
796,4,3.0,27.3,55.6,2,1951,334580
1111,3,3.0,14.4,57.7,1,1964,298031
945,4,3.5,8.0,64.3,1,1966,356595
2376,2,1.5,36.3,70.7,2,1965,369082
1968,5,3.0,7.4,33.8,1,1977,312467
2136,4,2.5,14.2,76.9,0,2021,365502
1861,1,3.5,10.3,95.6,1,1959,398969
935,3,2.5,38.6,79.8,2,1959,307865
1238,2,3.0,11.3,66.8,1,1959,331285
1745,1,2.5,9.8,53.7,1,2022,332493
889,2,2.5,23.4,42.8,1,1977,255709
1856,5,3.5,18.4,45.4,2,1973,355197
1380,3,3.0,2.3,68.0,1,1968,413513
1313,3,3.0,14.2,100.0,1,2017,456075
1855,5,2.5,26.6,29.2,0,2005,309056
1722,3,2.5,50.0,80.5,0,2016,316252
1320,4,3.0,19.8,59.8,1,1991,273929
2080,2,3.5,9.3,65.0,2,1961,401165
959,1,3.0,5.1,55.9,1,1967,277572
1808,5,4.0,41.2,49.5,0,1972,338084
1797,4,3.5,33.7,71.9,1,1955,395465
1345,1,2.5,5.3,73.9,0,2002,266347
1663,1,3.0,4.5,80.0,1,1991,393191
874,5,4.0,25.1,44.7,1,2015,282125
1962,4,3.0,7.6,83.1,2,1979,450209
1408,1,3.5,7.3,83.4,0,1958,345936
1239,1,3.0,3.3,76.4,1,1991,257265
2025,4,2.5,6.1,63.7,1,1983,433995
1148,3,1.5,11.2,74.6,0,1989,283693
796,1,2.5,26.4,67.6,1,1966,251934
722,2,4.0,8.2,84.5,1,1978,269702
1803,4,3.0,8.0,64.5,0,1999,362373
860,1,2.5,6.7,71.6,1,2025,283795
2377,5,4.0,13.0,43.9,0,1998,373482
500,2,3.0,4.0,74.6,1,2022,244745
2348,1,2.5,13.3,58.8,1,2010,372963
1606,2,3.5,24.4,77.7,2,1995,357394
1452,2,3.0,0.6,81.8,1,1995,375045
1228,3,1.5,0.2,60.9,2,1966,306614
1700,2,2.5,1.6,70.5,1,2015,381410
1481,3,2.5,15.3,72.6,1,1954,328408
2052,4,2.0,38.5,75.5,1,2003,411778
1557,3,2.5,0.1,81.8,0,1965,338506
1575,5,2.0,50.0,79.9,1,1956,340671
1318,1,1.5,2.2,64.3,1,1957,312381
1472,4,2.0,36.9,94.0,1,2021,352072
1654,4,1.0,13.2,81.3,1,1987,329914
645,5,2.5,21.5,91.1,1,2003,391760
826,3,3.5,14.3,75.2,2,2025,319312
1872,1,3.0,13.0,76.1,1,1964,379579
1585,3,2.0,36.0,68.2,1,1999,253323
1408,2,1.5,28.2,63.3,1,2005,329862
1509,3,1.5,13.2,84.6,2,1958,462997
1674,4,2.5,2.4,74.0,1,1957,439527
1230,1,1.5,2.5,68.0,1,1968,329573
1111,3,2.5,32.3,54.7,0,2000,258948
1598,1,1.5,15.1,93.3,1,2021,355497
1011,1,3.5,13.1,71.7,1,2006,307183
1704,2,2.0,22.8,51.6,1,2017,286020
649,2,1.5,39.2,71.2,2,1980,238408
2015,4,3.5,19.8,67.0,2,1952,372366
1736,5,2.0,28.8,66.4,1,1992,357705
1628,1,1.5,29.0,78.6,2,1978,351264
1991,5,2.5,8.8,67.0,0,1959,335768
2333,4,2.5,6.4,65.4,2,1961,477139
2007,1,3.0,32.3,90.4,1,1995,319542
580,1,1.5,9.5,43.9,1,1979,196675
860,5,2.5,46.7,69.2,2,1981,310670
1188,3,2.0,1.4,83.9,2,2022,375071
1513,2,1.0,1.2,79.4,1,1996,333066
1759,3,3.5,50.0,85.3,1,2012,334622
1137,5,3.0,20.9,100.0,0,1975,392352
1593,2,2.0,9.5,95.5,2,1952,466279
1122,3,3.0,28.1,52.7,1,1972,284866
1194,2,1.5,22.3,45.8,0,2024,222902
797,1,3.5,15.2,74.9,1,2023,265935
1038,3,1.5,2.1,49.7,1,1999,281098
824,2,1.0,33.4,41.1,1,1985,195436
1012,2,2.5,40.2,74.7,1,1962,267551
2027,2,2.5,3.8,78.5,1,1978,447299
1025,3,2.5,38.0,95.7,1,1987,345089
2816,4,1.0,42.0,81.5,1,2026,438684
1747,3,2.0,15.9,98.8,1,1954,397709
1592,5,2.5,21.4,75.3,1,1969,393001
1071,3,1.5,9.6,53.0,0,1963,285544
1850,2,3.5,6.6,82.3,1,1957,447023
1212,1,1.5,25.6,90.0,1,1997,290054
1561,3,2.5,39.6,75.9,1,1962,306195
2780,3,3.0,21.2,91.8,1,1973,455249
1452,2,2.0,14.3,68.2,1,2014,290995
2075,1,3.0,3.5,78.2,1,1983,330049
1148,1,3.5,1.1,67.4,2,2000,359515
1483,5,1.5,11.8,100.0,0,1952,436528
2385,3,4.0,1.0,82.6,2,2007,364952
1187,1,2.5,16.8,53.2,1,2021,270077
2406,1,2.0,9.6,97.8,2,2004,420019
1854,4,2.5,28.3,59.0,1,1991,344206
1219,4,2.0,7.3,70.2,1,1970,254687
1816,1,3.0,18.0,77.0,2,1959,362533
1986,5,3.5,15.4,78.2,0,2006,434248
1811,1,3.5,0.1,77.3,0,1974,324408
715,2,4.0,1.5,53.0,1,2005,315552
1136,3,3.5,6.9,77.3,2,1987,382429
1376,5,3.0,42.8,86.5,1,2010,334690
1463,2,2.0,3.2,86.1,1,1996,391975
1810,5,2.5,24.8,50.5,1,2003,346749
1589,2,1.0,50.0,60.2,1,1995,306620
832,3,3.0,31.3,54.3,1,2017,224257
1690,3,2.5,5.6,75.1,1,1953,382802
1805,4,1.0,47.8,46.7,2,2015,276048
1780,2,1.0,2.0,53.2,1,1992,293723
2040,4,2.0,12.6,60.0,1,2011,310763
1917,2,3.0,43.7,43.0,1,1953,269073
1730,4,2.5,20.5,69.6,1,2014,327910
1465,3,3.0,10.7,38.4,1,2011,263578
670,5,2.5,6.9,77.3,1,1951,333105
1715,4,3.0,9.4,64.0,1,1958,312662
1604,2,1.5,14.2,60.6,1,2006,323268
1636,2,1.5,7.7,63.1,1,1994,358075
862,3,3.0,50.0,69.1,0,1967,240138
959,2,2.5,50.0,78.9,1,1997,270777
2027,1,1.0,40.9,89.8,1,1991,337319
1480,5,2.0,11.0,85.2,1,1990,378232
1841,4,1.5,23.5,100.0,1,2024,308540
1514,5,2.5,46.6,80.1,2,2007,332768
1515,3,2.0,38.0,72.1,1,1991,373582
1969,4,3.0,10.7,63.1,1,1984,410567
1242,4,3.5,2.4,63.6,1,1987,344397
1548,1,2.0,1.6,78.1,2,2016,275057
1269,3,4.0,17.2,55.0,1,1990,340309
1283,2,2.5,20.6,73.4,2,1999,292925
1345,1,3.0,37.9,69.7,1,2021,254877
1611,1,3.0,6.9,59.1,2,1994,291556
1261,5,3.0,3.7,54.2,1,2020,366050
2128,5,2.5,9.5,100.0,1,1968,472232
1053,5,2.5,8.7,49.1,1,1966,340944
1407,1,1.0,2.8,69.0,2,2014,341256
1280,2,1.0,22.3,88.3,1,2026,293623
2223,4,2.0,14.2,77.9,1,2005,423596
1598,5,2.0,25.5,62.9,0,1990,340147
2016,2,2.0,8.7,52.1,1,1991,297579
757,3,1.5,7.9,71.9,1,1955,248702
1634,5,3.0,12.8,30.4,0,2018,321688
1945,4,3.5,42.0,72.5,1,2024,388595
1541,3,4.0,0.8,70.5,2,2022,385291
2033,3,2.5,32.7,86.1,1,1989,396430
1241,4,3.0,9.2,52.8,1,1990,298679
2205,5,3.5,38.6,65.1,1,1958,506969
2649,1,2.5,32.4,76.6,2,1957,421405
1319,4,2.0,8.6,73.1,1,1993,330092
1277,4,4.0,23.7,49.9,1,2007,337066
2227,4,2.5,3.5,60.3,2,2016,385881
2290,3,2.5,45.3,91.0,1,1962,417537
1239,2,1.5,10.4,73.9,0,1968,311633
1290,1,1.5,12.2,45.0,1,1998,265905
1359,5,3.5,24.5,83.2,2,1979,347109
828,5,3.0,34.4,46.0,1,2015,360550
1041,2,2.0,5.4,65.4,0,2026,314244
998,4,1.5,21.7,78.4,1,2008,380448
1116,1,2.5,10.0,88.2,1,2002,308526
1483,5,3.0,9.2,34.9,2,2001,349057
1617,5,1.5,23.4,80.7,1,1980,384034
2275,4,3.5,9.8,82.9,1,1964,433487
1001,2,1.5,8.5,61.6,2,1969,300929
1992,1,2.0,36.1,71.4,1,1954,304945
1393,2,3.0,2.1,24.2,0,1956,280361
1475,2,2.0,22.5,28.8,2,1967,250057
1837,1,3.5,5.7,86.6,1,2005,402816
939,1,3.0,0.3,61.9,1,2024,317162
1691,5,3.5,3.6,64.8,1,1994,399206
1583,5,1.5,18.7,73.5,0,1977,393488
1746,1,1.5,24.7,64.5,2,1999,299640
1645,3,2.0,0.4,63.1,1,1951,311216
2728,5,2.5,0.7,75.9,1,2017,576666
1181,3,3.0,46.6,47.6,1,2026,287595
1235,1,3.5,1.5,87.4,1,1973,339021
1188,5,3.0,44.9,66.5,2,1997,359354
1222,2,4.0,5.2,54.9,1,1994,280297
1181,1,3.0,26.9,52.9,2,2007,281205
2095,4,2.0,7.4,70.6,1,1985,418478
2210,3,2.0,39.1,65.4,1,1951,394721
1215,1,3.0,24.1,46.8,1,1967,299231
1084,1,1.5,10.3,61.0,2,1998,307892
1736,5,1.5,1.6,57.9,1,1957,323246
1224,5,2.5,26.4,88.9,1,2007,298732
1816,5,3.5,19.2,72.0,1,1964,423047
1601,4,1.5,0.1,93.5,1,1966,411228
742,5,3.5,0.2,59.4,1,1972,286519
2274,1,3.5,33.1,65.6,2,2015,340670
2398,5,2.5,6.0,75.8,1,2019,428004
1194,2,1.0,20.2,79.1,0,1976,328609
1306,5,1.5,12.1,80.8,0,1986,342062
1643,4,3.0,39.8,56.7,1,1998,287682
1667,2,3.0,49.8,57.1,1,2013,301267
1829,1,3.5,50.0,64.7,1,1983,318258
2505,1,2.5,3.3,92.2,1,1967,393743
1412,3,1.5,39.8,55.0,1,2013,301409
1101,2,1.5,6.2,62.1,1,2023,314364
810,3,3.0,17.9,80.9,1,1993,299901
1135,2,1.5,14.1,80.1,1,1966,259729
1483,2,2.0,0.4,78.3,1,2008,338358
2397,4,2.5,50.0,71.2,0,1962,410626
1241,3,1.0,1.6,54.0,0,2001,224303
1612,4,1.5,23.3,59.6,1,2009,351929
1492,2,2.0,30.7,86.9,1,1991,324454
2094,1,2.0,31.7,81.6,1,2013,363145
2763,2,1.5,2.9,50.0,0,2015,380366
1235,4,3.0,11.9,83.0,0,1983,332722
1255,3,3.5,35.4,89.6,2,2020,355581
2022,3,2.0,7.2,70.8,1,2013,369402
1841,4,3.5,12.6,76.4,1,1982,397052
2423,3,2.0,6.4,85.2,2,1961,411776
1792,5,2.5,12.5,59.6,1,2025,406444
1320,1,3.5,43.8,100.0,1,1968,377133
1795,1,3.0,12.1,88.3,1,1958,342645
2054,1,3.5,16.2,77.9,1,2023,378675
1910,3,1.5,10.3,69.5,1,1966,329267
1754,3,1.0,12.3,77.4,1,1999,375591
2033,2,3.5,0.3,46.6,1,1988,370441
2085,2,2.0,6.7,100.0,1,1990,398917
2191,1,2.0,11.5,86.9,1,1959,390250
1824,5,3.0,20.1,92.0,0,1961,465920
1416,2,3.5,12.0,70.5,0,1964,278166
1573,2,3.5,8.2,64.6,0,1977,294481
2103,3,2.0,9.8,59.9,0,1953,390713
1092,5,3.5,5.5,82.2,1,1985,383265
1684,1,1.0,50.0,62.3,1,2014,271298
1303,2,1.0,14.8,67.2,1,1996,320902
1514,5,3.0,0.3,78.2,2,1988,444478
2139,5,1.0,0.4,60.1,2,1987,484992
1596,1,2.0,50.0,85.7,1,1993,341156
1523,5,3.0,5.0,69.7,1,2000,412033
820,5,2.0,32.8,47.4,1,1975,266024
1873,5,1.5,1.2,59.9,0,1985,376310
1823,2,2.0,50.0,89.6,2,2018,360137
2582,1,2.5,41.5,55.9,0,1950,360106
1346,5,2.5,16.9,83.4,2,2002,343167
1610,5,3.5,0.2,71.8,1,1955,422202
1625,2,3.5,6.0,67.4,1,1986,347671
2289,1,2.5,10.4,100.0,1,1951,443015
1452,3,3.5,12.3,50.7,1,2018,308517
1640,2,1.5,7.1,58.9,0,1990,291290
1804,1,2.0,0.7,69.6,1,2000,353218
1593,5,3.5,17.8,100.0,1,1996,459108
1277,1,2.0,14.9,69.7,1,1962,274163
1597,1,4.0,6.7,74.1,1,2025,401392
2037,1,2.5,0.8,65.0,1,2018,410378
987,3,3.5,50.0,75.4,2,2015,256746
1566,1,2.0,13.2,65.9,1,2008,286497
1150,3,2.5,28.2,80.4,1,2017,326825
2098,5,2.0,12.0,81.6,2,2008,462109
738,3,3.0,0.9,66.5,1,1959,360451
1221,5,2.5,7.4,53.1,1,1962,339103
1689,5,4.0,7.7,71.4,2,1951,420073
2283,3,2.0,36.4,91.0,1,1964,369554
1467,2,1.5,21.2,57.6,1,1995,246362
1222,4,2.0,6.4,75.0,1,2006,342510
2441,1,3.0,50.0,51.9,1,1959,412504
776,4,3.5,7.8,54.4,1,1971,291177
500,1,2.0,50.0,89.5,2,2026,220770
1720,1,3.0,50.0,80.4,0,1957,333588
1249,5,2.0,4.2,75.2,1,1970,292895
989,1,3.0,7.5,35.2,0,1971,228709
1854,1,3.5,13.3,61.7,1,1994,373705
1622,3,1.5,21.8,79.1,2,1989,325843
1218,4,2.0,15.0,48.3,1,1971,340860
860,3,4.0,50.0,64.7,2,1979,303615
1936,1,3.5,25.7,81.5,0,2011,413645
1825,5,2.5,4.8,47.3,0,2022,317519
1450,3,2.5,2.2,44.8,2,1994,316645
2423,3,2.0,23.3,47.6,2,1984,416786
965,2,2.5,3.5,75.0,2,1991,266085
737,1,3.5,31.0,61.6,1,1954,264538
1154,5,3.0,7.5,83.2,1,1976,373282
1477,3,2.0,7.9,71.8,1,2019,379130
1622,3,1.5,0.2,98.2,2,2011,414698
1379,5,2.0,24.1,51.4,1,1981,371068
1676,1,1.5,2.4,75.0,1,1957,292264
874,2,1.5,29.6,58.1,1,1967,247205
2222,3,2.5,13.5,79.0,1,1964,355176
1459,2,1.5,30.7,71.8,2,1975,327040
2059,4,1.5,17.5,55.1,0,2002,373161
1671,1,2.5,1.7,67.6,1,1993,327195
1728,4,1.5,29.0,71.1,1,1981,329663
1785,4,1.0,1.4,61.0,1,1977,351333
1724,4,2.0,13.0,80.9,1,1988,394663
1821,1,1.5,3.8,54.5,1,1981,324448
2165,1,2.5,27.9,100.0,1,2026,481869
1598,5,1.5,48.5,84.3,1,1967,398518
1855,2,3.5,16.2,75.2,1,2019,356082
1455,2,3.5,15.0,100.0,1,1960,406700
2220,5,3.0,28.9,65.4,0,1981,449992
1162,5,2.5,0.1,79.2,0,1969,342570
2400,4,3.5,50.0,73.3,1,1989,451715
1480,5,3.0,4.4,82.0,0,1957,339524
785,3,1.0,50.0,92.4,2,1984,264738
1564,2,2.0,26.7,78.2,1,2018,285703
1159,5,3.5,29.8,85.6,1,1970,364526
1920,3,2.0,21.4,61.7,2,1973,346911
1174,3,1.0,12.8,66.9,0,1966,279495
1277,3,3.0,17.0,94.6,2,1967,408230
555,3,3.5,1.0,79.0,1,1961,309869
1274,4,1.5,19.6,73.7,2,1965,368125
500,3,2.5,19.7,58.7,2,1953,294509
708,4,1.5,44.4,84.5,0,1983,333692
1880,4,3.0,14.1,58.3,1,1995,375241
1893,3,2.0,1.6,53.9,1,2024,377074
1713,2,2.0,7.3,71.7,1,2026,345327
1017,3,3.5,21.3,34.0,1,1980,286599
1476,3,2.5,5.5,79.2,1,1974,395422
1498,3,3.0,6.6,75.7,1,2023,342823
921,2,2.0,34.3,64.7,1,1973,242145
2252,1,2.0,17.6,66.1,2,2014,421503
1939,1,3.0,14.2,68.2,1,1974,335546
1390,4,1.5,7.7,58.2,1,1977,324602
1513,4,2.0,26.3,72.8,0,1985,366393
1604,2,1.5,6.8,66.3,1,1955,322860
500,5,3.0,26.7,71.7,1,2015,340433
1376,1,4.0,1.5,67.7,2,2016,374515
1159,4,4.0,40.0,64.7,1,2021,295174
999,1,2.5,13.8,74.2,1,1997,266548
1359,2,2.0,11.5,81.7,2,2019,362196
2399,2,2.5,18.9,62.1,2,2016,393932
1820,5,3.5,19.6,75.9,1,1997,337588
1214,5,1.5,2.8,77.8,0,2014,320149
1786,2,4.0,28.2,50.7,1,1993,340214
2200,4,2.0,6.5,84.6,1,2012,478945
1962,1,4.0,47.1,100.0,2,1995,434372
1530,3,3.5,34.1,68.7,0,1968,400942
1177,5,3.5,8.5,67.4,0,2013,330890
1849,3,2.0,33.0,66.8,2,2022,333792
1697,4,1.0,8.8,79.3,1,2020,376696
1948,5,2.0,2.1,77.7,2,1999,362593
1818,3,2.0,50.0,46.1,1,2012,301524
2025,4,1.0,21.1,57.0,1,1990,353528
1232,1,2.5,12.2,77.6,1,1956,332667
2159,4,2.0,10.1,67.8,0,1958,438810
1599,5,3.0,7.9,52.5,1,1953,382582
2538,2,3.0,50.0,92.5,1,1998,425889
1155,1,1.5,2.9,58.0,0,2025,269592
2368,3,4.0,7.6,70.5,2,1955,412661
1599,5,1.5,13.3,67.4,1,1970,366370
1174,2,2.5,13.0,53.8,1,1964,282745
1258,4,2.5,12.7,72.8,1,2016,344997
1340,2,3.5,3.9,75.9,2,2015,349828
1712,5,1.5,3.1,63.0,0,2005,348831
1761,5,2.5,5.9,65.0,1,2017,355964
1213,2,3.0,49.2,79.0,0,1981,286217
1488,4,1.5,2.4,40.4,1,2015,332308
2571,2,3.0,28.3,57.3,1,1978,324732
2364,5,4.0,28.3,73.2,1,2015,434495
1718,5,4.0,33.2,62.1,1,1983,464719
1519,3,1.0,43.5,61.9,2,1976,296678
1560,3,1.5,6.1,83.5,2,2009,379869
1807,1,2.0,5.1,60.5,0,1988,379102
989,5,2.0,12.5,99.7,1,1993,387595
1371,3,1.5,6.2,43.7,0,1985,292997
666,2,1.5,26.5,36.8,1,1968,175689
1700,4,4.0,20.2,83.2,2,1994,431672
1824,2,4.0,41.6,55.2,1,1970,330989
1258,4,1.0,1.7,55.5,1,1972,341438
2287,3,2.0,49.3,84.8,2,1976,457474
887,1,2.0,6.9,62.5,1,2021,257002
768,2,1.5,13.5,83.7,1,1968,292892
1612,2,3.0,11.5,60.8,1,1990,271694
2024,2,3.0,28.6,75.4,1,1975,292084
2342,4,3.5,10.9,62.3,1,1977,479365
1271,3,3.0,50.0,56.2,0,2013,207853
2039,2,2.5,46.6,96.0,1,2017,400529
1481,2,3.0,41.1,86.7,1,2000,333770
1414,1,2.0,1.5,59.1,0,2023,325218
1942,1,3.0,38.5,67.3,1,1997,333341
1826,3,2.5,30.4,92.1,1,1959,463784
712,3,1.5,2.2,55.2,1,2022,253681
2238,5,1.5,2.3,56.0,1,1988,459482
2190,1,2.0,2.1,77.1,1,1968,328231
1187,5,4.0,0.2,100.0,0,2013,321617
1698,4,1.5,15.9,70.8,1,1968,364285
1747,5,2.0,50.0,85.7,1,2025,331406
1630,2,2.0,11.5,54.7,1,2011,313406
1225,5,3.0,15.6,75.4,1,1962,352469
1164,3,1.5,50.0,64.6,1,1974,287446
1487,4,4.0,5.9,98.0,0,1991,374638
2086,2,3.5,39.1,94.0,0,1988,415522
1772,5,2.5,15.8,100.0,2,1979,488982
1315,4,3.0,16.9,59.6,1,1954,328151
1886,4,1.0,8.4,70.5,2,1967,406494
500,2,2.0,16.5,75.6,1,1970,227564
2074,5,3.5,1.5,60.2,1,1999,413512
630,4,1.0,28.9,72.0,0,1955,222694
1319,4,2.0,6.7,83.6,1,1999,453566
940,1,3.0,43.7,61.7,1,2015,271577
853,4,2.0,9.2,59.4,1,1950,340533
2080,1,4.0,3.1,58.5,2,2006,426878
1266,5,1.5,23.8,49.8,2,1979,295057
1673,5,3.5,3.6,82.8,1,2007,364183
1477,5,2.5,28.0,59.4,2,2001,340738
1739,3,3.5,50.0,57.8,2,1986,354937
1538,5,2.0,30.2,77.9,2,1997,369731
859,4,2.5,0.5,69.8,1,1950,249324
1998,2,3.5,18.3,62.1,1,1968,395890
1253,1,2.5,23.8,82.2,1,1995,258328
722,3,2.0,34.9,61.5,1,2016,238565
1286,5,2.5,1.2,37.3,2,1951,386337
2250,5,3.0,13.1,90.0,0,2005,467847
1925,2,2.5,15.3,57.6,1,1966,383374
1326,2,4.0,3.7,59.2,2,1971,347563
1325,3,2.0,7.8,59.3,0,1976,276678
1339,1,2.5,11.6,70.9,2,2004,338180
2538,5,3.5,35.8,65.9,1,1981,445409
1691,3,3.0,50.0,84.8,0,2009,300984
1715,4,3.5,19.8,94.7,1,1977,353365
2015,4,4.0,10.0,59.8,1,1977,424562
1619,3,2.5,5.9,55.9,1,2023,414939
1370,5,1.5,50.0,62.2,2,1974,287251
1402,3,1.0,50.0,76.6,2,1975,280356
1464,5,3.0,50.0,68.3,1,2024,362382
1481,2,3.5,30.8,62.5,0,2020,268928
1864,3,1.5,7.9,50.5,2,1966,429446
1526,5,1.5,34.0,36.9,1,1956,275131
1866,3,1.0,10.5,54.9,0,2005,313810
1460,3,3.5,7.9,89.0,2,2013,364958
1539,5,2.0,27.3,76.5,2,1969,416724
501,5,2.0,1.7,67.1,1,1987,360531
1958,1,2.5,1.0,80.9,1,2024,353534
1673,3,3.5,11.9,50.7,1,2007,375306
1999,4,3.0,11.8,70.9,1,1965,357117
500,3,3.0,45.2,43.2,2,2000,236334
2544,3,1.5,2.7,75.2,2,1976,521087
1430,5,2.5,2.6,73.9,1,2000,442233
2054,3,3.0,3.2,74.2,1,2024,417624
980,3,4.0,0.6,87.5,2,1965,330165
1806,4,1.5,1.5,81.6,1,2009,401811
973,5,1.0,21.6,51.9,0,2025,266846
1188,3,1.0,11.3,87.7,2,1989,325407
2457,2,2.0,28.8,66.9,1,2016,393741
1405,1,3.5,50.0,40.4,0,1951,238447
1609,4,1.0,21.5,68.4,1,1997,368387
1935,3,2.5,1.0,79.7,1,2001,435575
1748,2,2.0,2.2,54.8,1,1973,330162
1575,3,1.0,42.6,90.0,1,1951,356728
1682,3,2.5,15.0,56.2,2,2014,393790
2702,5,2.0,34.8,62.8,1,1969,416079
1471,5,2.0,38.8,60.0,1,1983,334194
1601,5,3.0,50.0,44.4,0,1990,283138
2025,2,2.5,50.0,55.1,1,1990,338165
2053,3,1.5,16.2,59.3,1,2024,368427
2094,1,4.0,8.3,68.0,1,1972,401573
1819,4,3.0,50.0,25.0,1,1987,267645
928,5,3.5,15.9,80.7,1,1993,385104
2317,5,1.0,1.3,80.6,2,2016,462849
927,3,1.0,20.6,87.7,1,2011,335582
1651,3,1.0,17.7,47.6,1,1961,291044
1123,2,1.5,45.2,65.6,1,1979,275668
1468,2,2.0,21.2,84.1,1,2014,353745
1664,5,4.0,8.6,85.4,1,1990,501783
1661,3,2.5,50.0,92.2,0,1969,351988
1711,1,2.0,32.4,71.5,1,1955,297811
2307,4,2.5,19.9,69.2,2,2024,407211
1727,3,1.5,6.9,46.6,1,1953,287683
1378,3,3.0,9.4,86.0,1,1959,352061
1982,2,2.5,22.2,63.1,1,2000,270737
2095,4,3.5,1.5,70.5,1,1987,491298
886,5,4.0,5.9,69.5,2,1950,428923
1799,3,2.0,25.0,34.1,1,1957,297537
1851,5,2.5,13.1,57.8,1,2012,404295
1351,3,3.5,10.3,76.8,1,1982,365978
2188,5,3.5,3.3,69.3,1,1964,392048
1425,4,2.5,11.7,76.9,1,1980,405831
1563,2,4.0,29.5,81.8,2,1970,411365
1413,4,1.0,6.1,57.7,1,1952,290854
1508,1,4.0,0.1,62.3,1,2015,345995
952,2,1.0,22.1,67.9,1,1984,253466
780,4,2.5,50.0,81.6,1,1990,327643
2297,1,3.5,18.7,66.5,2,2008,388332
1077,3,2.0,2.6,43.3,1,1965,274463
1004,3,2.5,7.7,67.0,1,2005,363725
500,5,2.0,40.4,81.0,1,1994,249361
1181,2,4.0,5.3,90.4,1,2008,370712
838,3,3.5,18.7,74.2,0,1999,303081
2321,2,3.0,10.3,47.7,1,1961,350486
2005,3,3.0,4.7,63.9,1,1961,471385
1156,5,3.5,33.6,77.1,2,1982,376562
2626,4,2.0,27.2,83.0,1,1998,485415
1991,5,2.5,21.7,77.6,2,1970,464318
1338,1,3.0,5.4,66.2,0,2009,293309
500,3,2.0,2.1,82.9,1,2001,325639
2645,1,1.0,17.2,60.4,1,2003,412354
805,1,1.0,16.1,72.8,2,1988,250567
677,2,1.5,4.2,81.2,1,1998,304865
2011,3,3.5,1.2,78.6,1,2013,475394
2720,1,2.5,1.7,79.0,1,1975,472526
2192,4,3.0,50.0,78.6,2,2020,380599
1782,1,2.0,30.6,54.3,2,1956,301660
1797,4,2.0,50.0,70.3,1,2021,367880
1927,2,2.0,4.3,56.4,2,2011,364162
1879,1,3.5,50.0,65.7,1,1973,299712
1641,5,3.0,3.1,52.5,2,1989,373468
1552,2,4.0,14.2,75.2,1,2025,374268
1469,4,3.0,35.4,40.5,0,1996,251291
1123,2,2.5,8.6,79.3,1,1957,320461
1360,1,3.0,11.1,70.2,1,2003,336162
654,3,4.0,2.7,98.5,1,1958,358757
1451,3,3.5,2.6,66.9,1,1952,328550
1006,4,1.0,19.3,66.9,1,2003,275252
948,4,2.5,22.5,80.2,1,1970,374711
1590,3,3.0,30.0,67.8,0,1997,304374
2196,4,3.0,16.3,74.1,2,1996,487525
1959,2,1.5,20.8,84.9,2,2017,357799
715,5,3.5,0.3,66.0,2,2012,377250
1005,5,4.0,3.5,87.9,1,1965,411606
1970,2,1.5,50.0,44.8,1,2023,280727
1009,5,3.5,1.6,94.1,2,1954,332232
1388,1,1.5,22.7,43.2,2,1960,266838
1775,2,1.0,3.9,90.3,1,1978,381124
1016,4,1.5,25.2,42.0,1,2019,270855
1553,2,1.0,24.5,99.7,1,1997,373297
833,3,3.5,5.3,72.4,1,1964,274464
1199,4,1.0,6.3,55.8,1,1983,316639
1660,3,2.0,21.3,98.0,1,2009,418679
704,4,1.5,9.9,53.7,2,2011,292809
1720,5,2.0,4.3,66.6,1,1951,342042
1490,2,1.5,26.3,100.0,1,1968,395047
1776,1,3.0,3.3,75.9,1,1998,377853
1612,4,1.5,38.7,39.6,2,1977,318148
2182,4,3.5,14.5,65.9,1,1997,384065
1563,3,3.5,2.2,64.6,1,1986,392722
1285,5,1.0,23.7,72.8,1,2023,279827
1561,3,3.5,14.6,69.3,1,1998,331457
1772,3,1.0,7.1,78.2,1,1997,415006
1524,5,1.5,11.0,47.1,1,2022,358510
1520,1,1.0,7.1,61.8,1,1978,302186
1149,3,2.0,6.1,74.7,1,2009,356824
1169,3,2.5,3.6,58.6,0,1978,334225
799,4,3.5,9.0,86.4,1,2007,372595
2375,5,2.0,5.8,58.9,1,1997,421297
878,2,3.0,23.0,72.1,2,1972,266422
1154,1,1.5,23.0,68.4,1,1976,249750
1141,1,3.5,13.9,54.8,0,1956,307269
1947,5,1.5,30.1,70.9,0,1998,332474
1353,4,1.5,36.8,50.3,1,2003,304473
2124,4,1.5,17.3,63.3,0,2017,397721
1163,5,1.5,19.3,70.5,1,1991,383383
1639,4,2.5,6.7,48.6,0,2023,355307
1082,1,3.5,45.1,79.4,2,2008,280192
2573,1,1.0,0.5,73.9,2,1993,392595
906,2,3.0,8.6,78.0,2,1975,314426
1655,5,3.0,25.6,70.0,1,1972,429696
1817,3,3.5,1.7,52.7,1,2022,397815
1707,3,1.5,4.0,70.0,1,1957,320302
1407,2,2.5,17.8,79.3,1,2002,344716
1435,2,4.0,16.4,52.1,1,1963,341959
1522,4,3.0,26.9,53.3,0,2020,318533
1426,2,2.0,33.5,66.3,1,1956,234252
1982,2,1.5,2.8,64.4,1,1958,351945
2605,3,2.0,0.4,69.8,1,1952,374449
1221,4,2.5,23.4,65.6,1,1966,271936
815,2,3.0,7.2,72.4,1,1993,323179
1456,2,1.5,19.7,88.3,2,1995,434761
2790,4,3.0,3.3,78.1,1,2007,558772
1098,5,2.5,12.7,70.8,1,1977,256403
2320,4,2.5,14.0,53.4,1,1963,395469
2339,3,3.0,17.6,59.2,0,1958,369626
1223,5,3.5,14.4,82.6,1,1975,328607
1784,1,2.0,13.7,63.0,2,1951,346665
2314,4,3.5,8.1,55.5,2,2024,421944
1310,3,1.5,1.5,100.0,1,1983,331040
1398,5,1.5,1.9,92.9,1,1968,318268
1209,4,2.0,11.4,68.1,0,1988,304114
993,2,1.5,8.8,53.8,1,1962,259219
1175,4,1.5,14.5,80.9,2,1954,343572
888,1,1.5,7.3,62.6,1,1999,276789
1517,4,3.5,23.3,83.3,2,1972,409099
1115,5,1.5,39.9,62.7,1,1978,291864
1617,5,3.0,7.1,94.7,0,2021,391822
722,4,1.0,4.3,62.2,0,1975,221907
1665,5,4.0,2.5,100.0,0,2006,404687
1917,2,3.0,19.2,72.9,1,1950,421854
503,4,1.0,11.7,90.8,1,1977,322691
1687,2,3.5,4.2,61.9,1,2011,364714
2114,2,2.5,21.2,50.3,1,1996,328582
895,3,3.5,3.2,35.4,1,2008,300307
2336,4,2.5,16.2,89.1,1,1980,409620
1710,5,3.0,15.0,71.0,0,2019,353089
1147,2,3.5,26.5,51.3,1,1998,274933
1472,3,2.0,1.1,89.8,1,1954,295885
1779,4,1.0,43.8,87.3,1,1980,330046
1538,4,3.5,24.3,90.7,2,1986,398088
1769,1,2.0,4.9,49.9,1,1964,295233
1040,1,2.5,4.1,88.7,1,2001,284749
1585,2,1.0,11.3,75.8,1,2018,398823
793,1,2.5,34.0,91.4,2,1960,323116
1444,2,4.0,37.0,78.1,1,1992,397293
1048,5,2.0,14.7,72.6,1,2019,334630
1132,2,2.0,39.4,88.9,1,1972,289506
2118,1,3.0,0.1,82.8,1,1989,466995
2046,5,3.5,0.7,86.2,1,2012,471402
1805,1,2.5,48.6,62.7,1,1951,270447
954,2,2.0,29.9,67.4,2,2022,246430
1342,3,4.0,12.0,44.0,2,1996,312276
2107,4,3.0,28.0,61.6,1,1979,391643
1571,1,1.5,50.0,81.9,1,1965,301892
2660,2,1.0,29.6,78.5,1,2008,399338
1697,5,2.5,37.0,55.3,1,1996,434518
1596,1,1.5,28.6,89.2,1,1979,285053
1345,1,2.0,3.7,100.0,1,1958,375347
1567,4,3.5,35.9,56.5,0,2014,317424
1424,2,1.5,4.3,66.9,1,2008,315567
1854,3,3.0,44.6,60.7,0,2013,366110
1978,5,2.0,12.3,68.6,1,1957,335522
1107,2,3.5,22.6,74.1,1,2001,282165
834,5,3.0,13.8,59.5,0,1967,301968
582,1,1.0,2.0,65.8,0,2007,253329
1754,4,2.5,6.9,71.3,2,1998,456300
948,4,1.5,50.0,77.1,2,1981,333218
500,3,3.5,50.0,92.0,1,1997,220924
1694,4,3.5,7.7,69.8,0,1994,345511
2746,1,2.5,50.0,61.6,1,2003,337247
1497,3,2.5,37.4,80.4,1,1995,341641
1919,2,2.0,18.9,76.0,0,1980,290389
1541,4,3.0,0.8,67.1,1,1986,418701
1451,3,2.0,46.3,77.3,0,1965,251282
1960,1,2.0,16.3,64.3,1,1995,371906
1355,5,2.5,40.6,62.0,2,1995,369607
1634,5,1.5,36.0,41.5,1,2010,280694
1661,1,3.0,35.8,65.1,1,1995,350081
1166,1,1.0,24.0,43.6,1,2000,216974
1996,5,3.0,6.9,60.4,1,2011,389258
1413,3,1.5,8.2,78.7,1,1984,330924
1122,5,1.5,7.4,47.4,1,1991,295730
1768,1,3.0,0.4,67.2,1,1994,342315
1051,4,4.0,17.5,71.0,2,2017,342810
1514,2,3.5,24.0,66.4,1,2024,302038
1495,4,1.5,38.5,62.8,2,1996,305508
2043,4,1.5,3.0,74.9,1,1979,385943
1737,1,3.5,15.7,77.0,1,1973,416553
1487,5,2.5,0.2,70.0,0,2015,357263
1909,3,1.5,2.0,63.6,1,1992,344181
2195,4,3.5,1.1,83.0,2,1983,538012
1779,5,3.5,25.9,50.3,1,1972,360154
1505,3,4.0,1.7,80.3,1,2010,355762
844,4,3.5,25.2,76.3,0,1986,279067
967,3,3.5,5.7,73.0,1,1962,280800
1347,5,1.0,42.0,69.9,1,2020,341478
1195,2,1.5,33.5,41.7,1,1956,194447
1407,5,2.5,50.0,90.8,2,1991,430862
1528,1,2.5,43.0,82.6,1,1987,311828
1765,3,2.5,50.0,55.6,1,2001,303677
1465,2,2.0,39.1,81.4,0,1993,304815
1743,3,2.5,23.6,72.8,0,2013,371224
1532,3,2.5,3.7,61.3,1,1962,328290
512,4,1.0,6.3,87.9,2,1977,299861
1030,1,2.0,4.8,63.5,1,1950,299434
1428,3,2.5,18.5,90.3,1,1992,380709
895,5,3.0,14.0,78.0,0,1991,296125
1800,5,1.5,40.4,84.3,2,1999,369118
2265,4,2.5,50.0,78.7,2,2009,341284
2109,1,3.0,10.4,78.0,1,1950,410209
1393,1,2.5,14.1,73.2,0,2000,327032
2245,5,1.0,50.0,59.1,1,1965,338398
1574,2,2.5,6.5,70.9,2,1988,434584
1331,4,2.0,31.4,83.7,1,1964,434060
1193,4,4.0,5.1,80.8,1,1982,379427
1349,5,1.5,22.9,77.5,0,2002,321057
1306,5,3.0,5.9,38.6,0,1966,327363
1585,2,1.0,43.0,66.8,0,1955,261224
1580,2,2.5,16.5,65.2,2,1980,369095
1502,1,2.5,4.1,53.5,1,2018,304998
1718,4,2.0,5.1,83.6,1,1989,410296
2095,4,2.5,13.6,39.6,0,1979,418816
1975,5,1.5,50.0,82.5,2,2018,375996
758,1,2.0,29.4,89.9,2,2025,260983
500,4,3.0,13.4,66.9,1,1956,307898
1967,1,2.0,8.2,68.9,2,1962,343953
817,1,3.5,15.9,84.5,1,1953,341553
1388,5,3.0,27.6,58.5,1,1999,380343
915,1,2.5,30.6,79.9,1,1952,261464
599,2,1.0,7.8,56.2,2,1961,191602
1771,2,2.5,25.5,51.7,2,2014,277659
1880,3,3.5,21.4,74.4,1,1976,371086
1212,5,2.0,50.0,69.6,1,1999,331223
500,3,3.5,50.0,44.2,1,2026,234566
1227,2,2.0,31.2,91.2,2,1966,322900
1696,3,3.5,25.7,63.8,1,2021,324154
761,5,1.5,6.4,77.7,1,1981,318661
1592,5,3.5,37.4,94.1,1,2000,414364
1492,1,2.5,11.2,73.7,0,1966,357275
1790,4,2.0,6.4,89.1,1,1983,465429
1560,1,2.0,9.7,57.1,1,1984,269590
1013,5,2.5,36.1,91.3,1,1973,368119
2098,2,4.0,3.2,57.6,2,2003,361919
1421,2,1.5,12.2,61.4,0,1967,269785
1486,1,1.5,13.6,48.2,2,1999,308344
1033,5,3.0,0.7,74.0,1,1995,354895
1278,2,2.5,4.4,79.5,0,1997,348965
1058,5,2.5,35.1,81.5,1,1982,360091
1414,2,3.0,35.5,48.5,1,1976,279211
2356,5,2.0,6.9,75.6,1,1950,468468
814,3,3.5,41.6,76.2,1,2008,297071
693,5,2.5,29.5,79.2,1,1959,277567
2236,5,1.5,10.8,58.4,1,1974,428724
1395,1,3.0,27.6,32.4,1,2006,229728
1165,3,3.0,50.0,80.6,1,2015,279656
2020,4,2.0,12.3,67.8,0,1964,420603
1197,1,3.0,5.4,74.2,1,1977,293290
2413,4,1.5,50.0,68.6,1,1962,435441
1839,2,2.5,18.5,73.5,2,1963,409066
1256,4,3.5,2.2,81.1,1,2015,362159
2579,5,1.5,17.0,42.1,1,1983,450377
1197,4,2.0,13.9,87.1,0,1974,335735
1871,1,3.5,38.7,67.3,1,2003,332336
1650,1,4.0,15.1,94.4,1,1961,401363
2151,4,2.5,5.9,63.1,2,1958,503267
2281,1,2.5,22.5,59.8,1,1980,390710
1516,1,2.5,15.6,67.8,1,2002,311617
1123,4,4.0,5.3,77.5,1,1992,371668
1730,3,3.5,17.0,65.9,1,1987,310235
1161,3,1.5,34.5,78.6,1,1991,334765
2507,2,2.5,0.6,64.2,0,2021,442826
1568,1,2.5,19.9,70.5,1,1997,327325
1317,4,3.5,8.6,100.0,1,2016,437826
1592,1,3.0,6.9,75.4,1,2015,274242
826,5,3.0,10.0,76.6,0,1965,297853
1014,1,4.0,8.4,47.9,1,1965,315460
2100,1,1.0,35.7,90.3,0,1980,342855
1172,3,1.5,6.4,86.0,1,2007,364224
977,4,2.0,26.4,59.3,1,1977,266415
1768,1,2.0,2.0,85.7,1,1953,349278
2093,3,1.0,50.0,74.9,1,1959,420662
1859,2,1.5,19.5,70.7,2,2000,347662
1998,3,3.0,24.5,89.4,0,1967,426480
1122,3,3.5,7.1,62.3,1,1996,326747
789,3,2.5,10.6,59.2,1,1981,283186
2251,1,2.5,5.1,73.1,1,1979,396919
1339,1,2.0,50.0,77.9,2,1985,231830
1375,2,3.5,13.4,84.5,1,1958,372978
2164,5,3.5,19.9,67.7,1,1985,410481
1778,5,3.0,26.5,57.3,1,1978,442823
1728,5,1.5,9.3,100.0,1,1965,398451
2583,2,1.5,25.5,53.7,0,1970,347575
1178,5,1.0,22.5,70.8,1,2013,407570
1964,5,3.0,24.5,81.7,1,2015,460129
1529,3,3.5,13.4,87.3,1,2008,349331
1634,1,3.5,9.7,61.5,1,1977,336084
2264,1,2.5,5.0,41.9,2,2004,308107
1754,3,3.5,34.8,61.1,0,1980,349967
1769,3,4.0,18.7,82.9,0,1982,362228
2036,3,2.0,11.8,79.6,1,2009,474407
1318,1,2.0,50.0,80.1,1,1990,294369
1080,5,4.0,1.0,80.7,1,1995,408111
978,3,2.0,38.0,90.1,1,1998,339428
517,2,3.5,50.0,58.4,1,2014,242126
2528,3,4.0,43.6,52.0,1,1991,369102
948,4,3.0,33.3,75.6,1,1972,319606
1389,3,3.5,9.4,54.3,2,1976,322996
1362,1,3.0,5.3,51.1,1,1981,351149
1654,3,3.0,26.5,88.4,1,1952,295163
1908,4,2.0,7.3,73.8,2,2009,384018
1930,2,1.0,3.9,70.4,0,2025,346172
1208,5,2.0,30.9,70.7,1,1966,339666
1416,3,3.0,7.5,68.4,0,1981,344903
1641,4,1.5,49.2,88.3,0,1956,350728
1376,4,1.0,36.7,47.3,0,2020,269145
2304,2,1.5,37.6,46.7,1,2018,338146
1745,1,3.0,29.5,56.0,1,2007,323204
1867,3,4.0,42.6,74.3,1,1989,445523
1831,4,4.0,32.8,97.1,2,1997,518305
2087,2,2.5,18.5,83.0,1,2000,406613
1591,5,3.5,7.0,78.9,2,2006,402008
852,4,3.0,43.8,68.8,2,2020,285584
1700,2,2.5,36.7,50.0,1,1986,260250
1174,1,2.5,12.8,77.7,2,2024,340961
1236,1,1.5,0.8,100.0,1,2023,337700
1793,4,4.0,20.4,66.4,2,2004,418296
2119,4,2.0,1.0,61.6,1,1990,416538
1511,3,2.5,50.0,66.5,1,1969,291683
1654,2,3.0,50.0,79.0,1,1982,307354
2351,4,2.0,4.2,71.7,1,1989,414574
1620,3,2.0,22.6,83.7,2,1983,390126
2801,3,3.0,1.9,69.5,2,2011,469940
1783,4,1.0,26.2,66.4,1,1968,289266
620,1,3.0,8.5,73.4,2,1992,242255
1877,2,2.5,22.9,61.9,1,2018,333545
1691,2,3.0,9.3,96.1,1,2012,394744
2145,1,3.0,3.1,82.3,1,1959,422294
1837,4,2.5,10.4,53.5,1,1962,368287
1431,2,2.5,2.4,58.8,1,1954,307207
888,4,3.0,17.2,78.5,1,2007,315923
1395,4,3.5,0.8,72.7,1,2008,387752
1075,3,3.0,15.0,74.5,1,2025,338374
1210,1,3.5,43.5,67.1,1,2008,268502
1794,4,1.5,36.4,76.8,1,2026,326266
2335,5,2.0,42.9,67.5,1,1964,406653
1697,1,4.0,50.0,78.5,2,2026,320208
902,2,2.0,2.2,81.6,2,1950,321787
1722,3,1.5,2.8,94.1,1,1987,456624
2098,2,2.5,16.3,62.3,0,2002,309837
1195,2,1.5,44.9,69.8,2,2001,310495
1433,1,1.5,50.0,51.7,1,1950,254620
1507,2,4.0,0.9,97.4,0,1960,437364
1108,4,2.5,8.8,40.4,1,2007,277478
1824,2,2.0,4.8,95.2,1,1989,339563
1440,3,4.0,28.2,71.4,1,2009,357000
1710,3,4.0,20.4,76.3,1,1993,439846
1056,5,2.5,2.6,67.5,1,1955,309958
1281,3,2.0,13.2,70.5,1,1977,295078
1861,2,3.5,23.1,78.8,2,1980,409324
1314,3,3.0,30.2,45.5,1,1957,273351
2363,1,3.0,0.4,60.2,1,1954,452739
1300,3,3.5,44.2,57.3,1,2003,319153
1612,4,3.0,16.8,76.7,1,1966,356918
1966,1,2.0,33.4,70.1,2,1987,321433
791,5,3.0,33.0,79.3,0,1958,300140
620,4,2.0,4.2,72.5,2,2023,303598
737,2,3.5,2.3,85.9,1,1963,325543
2131,2,3.0,25.6,58.9,1,1975,370793
1224,2,1.0,3.4,70.9,1,2011,267601
2779,4,2.5,37.9,86.6,1,1974,512324
1218,4,2.0,25.9,83.6,2,1985,341949
1592,4,2.0,36.9,47.8,1,1982,282685
2271,1,3.0,7.1,54.7,1,1952,350030
2503,1,2.0,7.6,68.8,2,1960,443120
2531,2,3.5,22.2,66.5,1,2007,422265
2104,3,1.0,0.6,69.0,2,2013,405297
2012,2,3.0,25.9,81.9,1,1967,341840
1796,5,3.5,36.1,74.3,1,1996,406614
1889,1,3.0,10.7,75.2,0,1993,391924
1224,4,2.5,29.0,80.1,1,2008,281059
1091,1,4.0,3.8,86.1,1,1999,321365
1498,4,2.0,7.8,24.2,0,2018,301572
1415,5,1.0,50.0,64.2,0,1978,311344
1273,5,2.5,50.0,56.8,1,2016,278421
1848,1,1.0,14.4,77.1,1,1951,350475
1978,4,4.0,50.0,63.1,2,1974,341658
1544,5,1.5,14.8,71.1,1,1968,337360
2239,2,3.5,6.9,82.8,1,1989,395140
929,2,3.5,6.2,61.0,1,1951,335679
1403,4,1.5,50.0,75.4,1,2014,267750
1142,1,3.0,3.8,93.3,2,2011,290160
567,5,1.0,17.3,82.5,1,2003,308689
1459,1,2.5,16.2,46.2,2,1994,287016
1439,2,1.0,26.9,65.6,1,1998,278312
2257,5,4.0,13.8,75.3,1,2018,464118
1815,1,4.0,6.4,78.3,1,1987,338283
988,3,1.5,3.7,66.2,2,1953,307189
2427,4,1.5,19.4,60.4,2,1966,421914
2111,4,3.5,25.4,71.0,1,2002,465473
1791,3,2.0,16.9,53.7,2,2002,411210
1387,2,3.5,26.8,86.5,0,1980,332101
1020,5,2.5,3.1,98.0,2,1971,346647
1314,4,2.0,42.8,75.9,1,1960,339314
2044,3,3.5,17.5,66.5,1,1983,389072
2442,3,2.5,2.7,84.1,0,1964,436470
2272,2,3.5,12.4,81.6,2,1959,362554
1256,2,4.0,37.3,65.9,2,2002,316530
940,1,1.5,45.6,69.3,2,1997,251903
1570,4,1.0,6.1,60.9,2,1980,384772
616,1,4.0,24.8,72.5,1,1986,245995
1662,3,3.5,2.1,74.5,2,1977,363284
1426,5,1.0,0.7,58.3,2,1980,335820
1267,5,3.5,16.4,53.9,1,2019,376149
703,2,2.5,23.7,50.1,1,1963,262321
1757,5,2.0,31.8,76.2,1,1965,429825
1234,5,3.5,8.3,69.8,2,1974,404378
915,5,1.5,0.1,68.7,2,1988,334139
500,3,4.0,13.1,77.0,2,2015,307765
1486,5,1.5,0.3,56.5,2,1987,372140
2386,5,3.0,1.9,53.9,2,1990,435989
2331,5,1.5,7.9,73.6,1,1989,480807
1271,1,2.5,11.5,44.1,1,2013,218384
1199,3,3.0,6.6,66.1,1,1965,280575
1734,2,1.5,17.4,100.0,1,2026,317795
1001,1,2.5,1.1,49.8,1,2008,236210
1651,4,2.5,3.1,63.6,2,1960,432181
1883,3,1.0,23.8,38.2,1,1950,267737
2113,3,3.5,3.1,66.5,0,1962,356892
1450,4,2.0,20.4,99.5,0,1979,351301
1398,4,2.5,1.1,77.0,1,2018,415931
1061,4,2.5,10.5,60.8,1,1967,361011
1087,2,2.5,3.9,100.0,1,1962,387510
1387,5,1.5,2.3,43.9,1,1981,360979
1684,3,2.5,16.7,76.8,1,2020,430555
1957,5,2.5,50.0,71.0,0,2021,310096
1098,5,3.0,1.1,66.3,1,1999,311879
2246,4,3.5,10.9,82.1,1,2020,422288
1364,2,2.5,24.6,52.3,1,1980,288855
1489,1,1.5,12.4,74.7,1,2000,315378
1126,2,1.5,32.8,72.8,1,1976,282249
500,5,1.5,4.0,56.9,2,2009,304695
1942,2,1.5,50.0,99.2,1,1982,299231
1868,4,2.0,9.7,67.3,1,2002,379203
1359,1,1.5,8.4,67.9,1,2021,302775
1533,4,1.5,41.5,54.6,1,1982,297332
1758,1,1.0,16.6,67.5,0,1990,311467
719,5,1.0,14.5,100.0,0,1968,366899
1235,1,1.5,26.0,66.2,1,1990,270051
1897,1,1.5,17.3,77.8,1,1991,419443
873,1,2.5,3.5,84.3,1,1972,324560
1647,2,2.5,22.4,67.3,1,2024,341572
822,2,1.5,2.9,63.9,0,1982,270186
1733,5,2.5,32.8,77.1,2,1969,428719
1482,1,2.0,50.0,66.4,0,1974,312171
692,3,1.5,9.5,65.0,1,2001,297624
2082,5,1.0,11.8,84.1,0,1961,441937
1133,1,2.5,1.0,69.0,2,1981,282121
1095,1,3.0,0.3,88.2,1,1982,342304
1600,2,1.5,50.0,68.6,0,2023,305683
2074,5,1.5,2.8,50.2,1,2017,420450
992,1,3.5,11.8,18.6,0,1964,189810
1531,1,2.0,33.8,42.4,1,2000,274980
1714,5,1.5,44.0,45.0,1,1955,346103
1847,3,3.5,14.7,74.0,1,2018,344571
1588,5,3.5,16.6,55.4,1,2018,327204
1316,5,2.5,22.2,40.4,0,1984,337073
1086,3,2.5,50.0,68.0,1,1983,257839
1543,5,1.5,18.5,53.8,1,2012,392672
964,1,1.0,16.4,76.9,1,2017,257042
500,5,2.5,0.3,76.6,2,1967,338159
1718,3,1.5,1.7,78.2,1,1975,386943
1952,4,2.5,17.2,31.6,2,2010,321115
500,5,4.0,50.0,70.7,1,2023,326931
995,2,4.0,40.3,68.2,1,1997,277698
1810,1,1.5,50.0,51.7,1,2021,274886
2529,1,3.0,15.0,37.9,1,1980,285596
1510,2,2.5,31.0,68.4,1,1983,274266
1136,2,3.5,36.7,86.0,0,1956,347679
1409,5,2.0,20.9,31.3,1,1956,299721
2187,2,1.0,8.3,57.5,1,1996,333879
1177,4,1.5,12.7,72.0,1,1957,309286
1100,3,2.0,39.0,86.9,1,1950,331354
1259,2,2.0,7.1,65.3,1,2026,343428
1023,2,3.5,50.0,99.0,2,1952,309872
1561,4,3.0,5.2,43.1,2,2002,385398
2312,1,2.0,27.7,39.7,0,1987,306471
1662,1,2.5,19.9,85.3,0,2000,356906
1374,5,1.5,27.7,34.8,2,1964,245831
1354,4,3.5,11.5,76.9,2,2016,321168
718,3,4.0,50.0,65.6,1,2013,288729
1942,3,4.0,20.0,56.5,2,2017,393568
1461,4,3.5,6.8,63.6,1,1954,381654
1410,3,1.5,20.3,50.7,1,1959,261837
3097,1,1.0,6.8,65.2,1,1957,407202
1649,3,2.5,7.0,70.3,1,1961,303780
1124,3,3.5,10.2,63.8,2,2013,302401
1287,4,1.5,38.3,61.2,1,2008,299483
2074,4,1.0,13.9,73.8,1,2016,408523
1557,3,3.5,22.7,94.9,1,1999,365627
781,2,1.0,10.0,66.0,1,1972,267517
1960,4,2.0,6.1,82.3,1,1989,415726
1166,5,3.0,50.0,55.5,2,2026,306452
2437,5,1.5,18.5,50.0,1,2025,409507
2040,1,1.5,50.0,76.8,1,1967,398563
1276,3,3.5,4.5,66.5,2,1970,345559
2141,2,3.0,3.2,86.9,1,1950,463403
1534,1,4.0,38.7,89.9,2,1987,374972
1926,3,2.0,22.8,82.6,1,1990,377117
1742,4,1.0,4.1,82.3,1,1991,329096
1077,5,3.0,6.3,18.6,1,1958,260613
1178,2,2.5,32.3,76.7,2,1972,311819
2015,5,1.5,12.1,82.9,1,1960,422462
1333,4,3.5,22.2,50.9,1,2020,367399
1298,3,1.5,7.7,70.1,1,1980,300160
1022,4,2.0,9.6,54.4,1,1975,293283
1712,4,1.5,50.0,85.4,1,1979,380429
2531,5,2.0,5.7,55.7,2,1983,434022
966,2,2.5,14.1,58.1,2,1995,306342
1512,4,2.5,37.2,63.0,1,2018,297461
2206,5,3.0,5.5,100.0,1,1954,416476
1460,2,3.5,10.7,85.1,1,2010,355357
1726,3,1.5,19.1,94.2,0,1987,374424
969,3,1.0,13.1,42.8,2,1977,259754
1714,1,1.0,12.3,51.0,2,1975,300837
1406,5,1.5,9.0,90.1,2,2010,383116
1993,2,3.0,17.7,43.6,1,1972,284220
2094,4,3.0,19.6,59.9,1,1995,391019
2795,3,3.5,21.2,100.0,0,1979,442334
1790,2,1.5,1.5,55.5,1,2016,333678
1663,5,2.0,19.9,42.7,1,1982,300645
1597,1,2.5,50.0,70.7,2,1952,316404
1323,3,1.0,15.6,43.3,2,2018,328300
1669,2,3.0,25.1,88.6,2,1991,350816
1352,2,4.0,16.3,56.6,2,2011,283039
1584,2,2.0,38.6,53.6,0,2007,312300
2159,5,3.5,50.0,70.4,1,2006,486407
997,5,2.5,4.1,63.9,0,1950,286603
2070,5,1.5,11.5,73.8,1,2022,414259
2159,4,2.5,10.0,77.8,1,2009,450351
1441,2,2.0,10.4,66.7,1,2018,310771
500,3,1.0,2.7,52.6,1,2008,191133
1196,5,3.0,33.6,81.0,0,1995,303022
2148,5,3.5,0.7,59.6,0,1983,373472
1489,2,2.0,15.0,57.0,0,1974,265670
1000,5,2.0,21.7,72.1,0,1991,322666
1248,4,3.5,4.7,41.1,1,1978,352568
1920,4,3.5,47.3,75.9,1,1974,336725
1773,5,3.0,36.5,72.9,2,2003,367732
1381,2,1.5,12.7,86.8,1,2022,299143
1317,2,3.5,10.6,62.5,1,2016,329841
1304,2,1.5,5.4,89.9,1,1964,312807
1039,1,3.0,26.2,77.9,2,1953,266147
2308,5,1.0,2.8,69.6,1,1987,362799
1339,2,3.0,22.8,97.3,2,1969,416606
2109,4,2.0,37.0,71.4,2,1972,483023
2261,3,2.5,5.2,62.2,2,1986,414499
1999,3,2.0,40.3,71.9,0,2011,407175
1284,2,1.5,0.7,61.9,1,1957,283998
1702,3,3.0,48.8,75.6,0,1986,341495
1488,3,3.5,2.5,89.8,0,1994,414049
1048,1,4.0,20.8,69.9,0,1982,263637
1662,4,1.5,5.8,71.4,2,1956,373348
910,4,3.0,36.2,82.0,2,1971,319508
2094,1,3.0,14.4,87.8,1,1954,414098
1268,1,2.0,2.9,63.2,1,1964,292712
1601,3,1.0,16.9,72.6,2,1970,321187
1642,5,3.0,10.5,82.0,1,1966,402511
1371,3,4.0,21.7,74.9,1,2005,395394
1793,1,3.0,42.7,42.1,1,1999,296835
1263,4,2.5,10.5,84.7,1,1956,384671
1936,3,2.5,6.8,77.8,1,1999,489186
827,5,1.5,0.3,78.9,1,2009,297371
1563,3,3.5,17.1,52.1,1,1956,358292
2469,2,3.0,10.3,72.3,1,1989,424063
1000,3,1.5,9.4,82.7,1,1994,328365
1161,1,3.5,4.0,56.8,0,2008,286982
1757,4,2.0,11.2,60.7,1,2024,339022
1590,4,4.0,50.0,82.9,0,2004,331294
1675,1,2.0,7.1,60.0,2,2013,323354
1745,2,1.5,18.3,66.9,1,2014,305319
1817,1,2.0,30.0,54.5,1,2003,289044
2055,3,2.5,27.7,97.3,2,1989,463468
1705,1,1.0,8.0,77.8,2,2002,298048
1379,1,2.5,18.9,66.2,2,1993,299645
1836,2,3.0,41.0,63.4,1,2012,368281
2450,3,3.0,0.3,51.6,1,1951,391207
1434,5,1.0,11.4,68.3,2,1970,414118
1013,5,2.5,5.1,80.0,2,1999,310863
2054,4,1.0,9.8,57.9,2,2001,450543
1440,1,3.0,10.8,71.6,1,1958,323535
500,4,1.0,27.5,64.5,1,1969,212244
1924,2,3.5,2.0,90.7,0,1967,444565
1232,5,3.0,14.4,60.4,1,1979,361703
1455,1,2.5,16.6,81.7,0,2014,364884
1666,2,2.5,13.6,90.9,1,1973,318871
1595,2,1.5,26.3,64.3,1,1996,275196
1855,1,2.0,9.7,61.2,1,1993,354753
1282,2,3.5,50.0,83.8,0,1978,389464
1757,1,3.5,13.1,43.3,2,2026,336217
1370,1,1.0,16.9,76.5,2,2017,325935
1869,3,3.0,34.9,46.4,1,1966,305037
1808,4,3.0,6.4,88.3,1,1954,418222
1032,2,3.0,1.6,66.2,2,1999,293280
2043,2,1.0,24.6,68.6,0,1989,355728
1232,3,1.5,13.2,59.1,1,1995,325383
1904,3,2.0,45.4,46.3,0,2000,310073
1684,3,3.5,50.0,89.0,1,1960,402857
2419,5,2.5,10.2,67.4,1,1961,448237
1388,5,2.5,10.7,100.0,1,1962,470507
1325,5,4.0,10.5,57.8,0,2013,326618
1490,1,3.0,7.8,60.3,1,1957,356628
1348,2,3.5,30.4,56.5,1,2014,276971
1900,4,2.5,28.5,67.4,1,1958,378887
692,1,1.5,13.0,93.6,1,1951,243362
973,2,4.0,0.9,85.2,1,1962,358096
966,2,2.5,7.4,47.4,1,1951,263934
1975,3,1.5,6.9,88.1,1,2017,435531
2355,3,2.0,33.3,80.2,1,2025,338190
1448,1,1.0,1.8,77.2,1,1997,319406
1416,3,2.5,32.8,59.7,1,2023,322133
1535,2,3.5,22.1,60.9,0,1952,286906
2081,3,4.0,26.4,72.1,0,2017,417597
1036,5,4.0,11.3,61.7,1,1955,267599
1619,3,1.5,22.8,89.7,1,1954,362166
1988,2,2.0,18.8,61.1,1,1952,396667
1751,1,1.0,29.3,40.8,1,1959,259214
1595,4,3.5,11.8,50.5,1,1992,328386
2001,3,2.0,12.8,51.4,0,1968,343708
500,2,3.0,20.6,66.0,2,1963,257090
1839,4,3.0,2.3,73.2,1,1970,445820
1173,4,2.5,11.5,70.8,1,1992,343279
585,5,2.0,50.0,76.9,1,1977,300417
1756,4,4.0,0.8,66.2,1,1970,408889
2187,2,4.0,7.6,66.7,2,1985,382043
1431,2,2.0,7.5,96.3,1,1973,313735
1976,3,2.5,20.1,88.1,1,2003,422311
2306,3,4.0,2.2,76.1,1,1987,337205
2157,3,1.0,19.8,83.8,1,1966,327231
2320,4,2.0,2.0,41.1,1,1971,333465
1871,4,1.5,2.0,57.7,1,1994,397064
1538,5,2.5,26.1,63.5,2,2023,313559
699,3,1.0,7.8,57.8,1,2010,263231
1377,1,2.0,50.0,46.8,1,1960,212881
1078,5,1.5,0.8,76.3,0,2010,338097
2585,1,2.5,11.8,90.8,1,1987,433860
1412,4,4.0,2.4,69.8,0,2015,367721
1562,5,3.5,8.7,79.7,1,1982,385906
1776,5,3.5,50.0,69.4,1,1992,321408
1522,2,3.0,43.9,63.4,1,1980,306478
2348,4,1.0,1.0,83.8,2,1984,475824
1189,4,1.5,16.6,48.6,1,1986,310450
1597,5,4.0,20.9,42.0,1,1996,358065
1129,4,2.0,4.7,48.4,0,1972,300637
840,5,1.5,3.1,82.8,1,1985,313687
1194,2,3.0,46.9,71.3,1,1989,301920
1481,5,2.0,50.0,75.6,1,1964,363392
1285,4,2.0,50.0,95.2,1,1986,337208
1154,4,4.0,31.2,52.5,1,1953,313677
797,5,3.5,21.8,88.1,2,1971,360446
1458,5,2.0,8.5,64.1,0,1971,371177
748,5,4.0,3.8,61.8,1,1966,279447
1880,3,3.0,1.6,71.2,1,2021,333160
1541,4,3.0,23.6,73.6,1,1987,312991
771,4,1.0,30.7,66.8,1,1973,255495
1345,3,1.5,35.0,79.2,1,1955,333883
1124,5,3.0,49.0,71.3,1,2017,253262
1660,2,3.5,42.4,67.0,1,1955,332463
2170,5,3.0,50.0,63.8,1,1975,445793
562,5,1.5,5.6,73.6,0,1990,301906
1558,3,1.5,28.8,49.7,1,2024,237055
1420,4,3.5,17.7,53.9,2,1987,366440
1836,5,1.5,6.1,64.5,2,1992,407378
1607,4,2.5,50.0,78.2,2,2002,349391
1124,1,1.0,45.6,100.0,1,1964,293655
1340,4,1.0,2.8,67.6,1,2005,289488
1102,2,3.0,0.5,43.4,1,2005,278226
2038,2,3.0,23.3,58.1,1,1980,372626
1511,5,2.0,18.5,79.9,1,2006,356322
2451,4,1.5,50.0,55.4,1,2000,357550
1470,5,3.5,5.3,50.4,1,1973,343272
1146,3,1.5,1.8,79.8,1,2007,315231
743,2,2.5,6.0,77.0,1,2022,264193
598,5,4.0,0.4,47.9,1,1953,277284
708,3,1.5,0.7,56.6,1,1959,275429
1634,5,4.0,49.3,88.7,2,2012,341254
1754,4,1.5,8.7,82.8,1,2022,400798
709,4,2.5,10.6,52.0,1,1964,288453
1948,4,2.0,0.4,40.2,1,2012,309361
1258,4,4.0,6.3,74.0,1,1968,369819
1573,1,2.0,32.7,65.6,0,2012,260765
2306,3,2.0,19.1,72.7,1,2005,451339
1948,3,4.0,28.0,79.5,1,1970,395427
1366,4,2.5,11.9,55.7,1,1983,380056
1054,1,2.5,7.4,63.5,1,1966,313285
500,4,2.0,13.2,56.5,0,1967,255850
1140,1,3.0,7.8,57.1,1,2015,339471
1394,4,1.0,36.5,78.5,0,2000,271338
1006,2,1.0,7.1,72.2,1,2014,324021
1434,2,3.0,21.6,46.6,1,1992,283524
1538,5,2.0,2.9,80.9,2,2006,401875
1388,4,4.0,23.2,64.7,1,1959,339152
1175,3,3.5,48.9,81.6,1,1986,275502
1584,5,3.0,18.8,54.8,1,1997,383578
1721,2,3.5,16.4,56.1,1,2018,296694
955,4,3.0,50.0,73.8,0,2005,275728
2205,5,1.5,19.7,53.6,1,2025,370541
1451,4,3.5,6.0,65.9,2,1985,415703
1509,2,1.5,6.9,51.8,1,1980,296791
1854,5,2.0,24.4,64.1,1,2004,288629
1617,2,3.5,26.6,69.5,2,1987,318841
1977,1,2.5,7.2,70.2,1,2022,304338
1644,2,3.5,8.5,64.5,1,1964,369162
1194,4,1.5,50.0,75.0,1,1965,268043
1681,3,3.0,2.2,72.2,1,2026,357039
928,2,1.5,10.4,68.7,1,2002,323067
1554,3,3.0,1.3,60.6,1,2005,375722
1483,1,3.5,34.4,86.0,2,1956,303208
1396,5,3.0,1.9,75.8,1,2006,425226
1436,5,2.0,22.4,54.5,1,2004,311521
559,3,1.0,1.2,79.7,1,2001,301295
1226,5,1.5,22.3,83.1,0,1953,333528
1546,2,3.0,37.0,68.8,1,1992,290410
1580,3,4.0,10.2,69.8,1,1989,334522
986,4,1.5,14.8,39.1,1,1979,269283
2133,2,3.0,10.3,57.3,1,1959,406441
1067,2,3.5,7.1,82.7,1,1956,346042
1985,2,2.5,32.5,58.3,2,1985,331179
1714,4,3.0,6.3,67.6,1,1984,317781
1177,1,3.5,25.7,57.1,0,1988,249270
2388,5,2.0,4.6,73.5,2,1985,404603
903,3,2.0,5.7,75.9,1,1969,350736
1960,1,1.0,8.2,76.3,2,1998,343412
2000,3,4.0,17.8,52.9,1,2008,387454
1165,5,4.0,12.1,71.6,1,1998,359101
2196,4,3.5,27.3,93.6,2,1975,482163
1375,2,1.0,4.8,81.2,1,1985,351551
1644,2,2.5,0.2,71.4,2,1992,449343
1630,4,1.5,30.0,41.0,2,1992,297764
1433,1,1.0,34.5,66.3,2,2025,308581
1905,1,3.0,1.2,94.7,1,1982,413680
1897,3,4.0,18.9,89.8,1,1994,397891
626,4,3.5,9.5,76.9,1,1994,301732
2152,1,3.0,31.6,59.2,2,1964,369328
669,4,1.5,41.5,70.8,1,1966,254695
2016,5,2.0,38.1,81.6,1,1961,414549
2063,2,2.0,30.0,84.1,1,1971,404410
955,2,3.5,6.3,74.7,1,1972,391579
1295,2,3.5,33.4,82.8,1,1961,332150
947,4,2.0,15.2,69.1,1,2017,274363
1393,4,2.5,1.1,68.5,2,2000,383915
1346,3,1.0,12.2,63.1,0,1962,285084
1890,2,2.0,50.0,76.4,2,2006,411208
2155,3,2.5,43.8,85.0,1,2004,378131
2198,2,1.5,2.2,80.6,1,1977,401779
1219,3,2.5,27.3,51.7,1,1993,304132
1395,3,3.5,32.8,52.5,1,1968,324401
658,5,2.5,6.3,86.6,1,1995,387755
1097,3,1.0,12.8,72.6,1,1952,321658
1982,4,1.5,24.8,73.2,1,1969,474692
2308,3,2.5,11.6,72.9,1,1974,436495
883,2,2.0,2.4,96.3,0,2024,358321
1204,3,2.0,24.5,63.3,1,2005,284664
1487,1,2.5,48.5,86.7,1,2010,375108
1640,2,3.0,21.1,73.5,1,2004,336432
1095,1,3.5,29.7,46.0,0,1984,275461
1712,2,2.0,8.9,57.6,2,2008,366299
1263,4,3.5,4.0,60.9,1,1988,351478
1493,4,2.0,20.6,86.4,1,2006,430567
1773,4,1.0,7.9,88.4,1,2016,397634
1503,1,2.5,39.3,75.3,1,1983,346454
1282,5,3.0,2.6,62.2,1,1990,376400
1445,2,4.0,11.4,56.3,1,1971,314691
1456,4,3.0,10.1,87.1,1,1976,405561
1315,2,4.0,50.0,50.7,1,1970,278243
1371,1,3.5,3.3,68.4,1,1990,310285
2299,5,3.0,0.2,100.0,1,1980,514502
1780,1,2.5,5.4,62.2,1,1976,347890
1352,2,2.5,34.3,50.9,2,1986,213617
1848,5,4.0,4.7,43.5,1,2015,409971
1333,5,3.5,5.5,100.0,2,2003,467493
2087,1,1.5,2.8,75.2,0,1958,412881
1685,4,3.5,25.1,57.0,1,1991,315612
1446,2,1.5,1.4,67.2,1,1985,288612
1724,3,2.5,8.0,60.1,1,1959,361976
715,3,1.5,6.6,42.0,1,2008,219104
937,1,3.0,16.2,81.8,1,1989,258758
903,2,3.5,26.2,70.5,1,2003,275164
1571,2,2.0,15.2,80.6,1,1988,333937
2366,1,1.0,50.0,70.1,0,1956,297784
2616,2,2.0,50.0,72.0,1,1953,349416
1819,4,3.0,9.0,36.5,0,1964,334948
1750,1,2.0,30.1,83.6,1,2025,289380
599,4,2.0,26.8,53.7,0,1997,205693
1229,2,1.5,44.7,57.5,1,1955,256640
1106,1,2.5,11.9,62.1,2,2022,325731
1190,2,2.0,15.1,39.1,2,1984,280937
1416,1,3.0,10.7,61.3,0,2021,333948
1264,2,1.0,38.0,60.2,1,2020,213927
510,4,3.0,5.2,64.3,1,2017,246703
1874,4,1.5,5.5,44.5,1,2007,348626
964,2,2.5,9.3,83.9,1,2026,339721
1620,1,2.0,5.2,76.0,1,1968,357797
2537,3,3.0,16.5,57.0,1,2011,358655
1040,4,4.0,2.9,61.3,1,2020,377310
500,4,4.0,7.7,82.6,0,1959,313115
1357,3,3.0,48.9,66.1,1,1974,331539
2050,2,2.5,10.5,51.4,1,1993,329485
2479,1,3.5,27.6,68.7,1,2007,333502
885,2,3.0,2.4,53.7,1,1974,296541
1748,5,1.5,5.7,59.4,1,2025,393020
1267,4,3.5,32.9,69.2,2,1989,303688
1447,5,2.5,28.8,85.8,1,2025,358780
2822,4,1.5,9.8,100.0,1,2019,538542
749,4,2.0,50.0,90.4,1,1959,303670
1627,5,2.0,48.3,68.9,1,2015,369545
1734,5,2.5,50.0,100.0,0,1974,382539
2043,2,1.5,11.2,78.4,1,2020,431859
1549,5,1.5,4.4,55.3,1,1960,350418
1654,2,1.5,19.7,71.4,1,1985,251634
1304,2,2.5,23.1,60.1,2,1998,305312
1635,2,3.0,2.7,51.3,1,1997,349478
1328,4,2.0,30.9,52.4,1,1956,311124
1811,4,1.0,0.4,67.8,1,2026,360206
1315,5,1.5,13.2,81.3,0,2000,289375
1689,4,3.5,8.0,86.0,1,1966,390538
1485,5,2.5,27.0,51.3,1,1981,318515
2063,4,2.5,7.5,65.5,2,1975,385979
1474,1,1.0,35.1,77.3,1,1971,308637
613,1,3.0,18.1,72.3,2,1962,251365
2131,5,2.5,31.6,80.4,1,1961,488085
1047,4,1.5,50.0,63.5,2,2020,276607
1173,4,1.5,22.7,89.1,1,1950,387286
1202,2,2.0,50.0,69.9,1,1982,278935
2187,3,3.5,0.6,81.4,1,1963,453207
500,5,3.5,8.3,64.3,1,2013,284014
3069,3,3.0,2.3,70.9,1,1992,422952
2028,3,3.0,6.1,46.1,0,2007,354843
1612,5,1.5,36.5,57.4,0,1990,384371
1473,4,3.0,0.7,66.9,1,2017,354565
1643,5,3.0,14.7,71.5,1,1988,371481
1761,3,1.5,16.7,100.0,0,1950,383735
1823,4,3.5,16.5,64.3,1,1990,457828
1778,1,1.5,12.9,49.4,1,1994,320298
1545,5,2.0,31.3,95.5,1,1962,447306
1401,5,3.0,2.9,86.2,1,2020,327272
1424,4,3.0,7.4,52.7,0,1958,305519
1403,1,3.0,19.1,77.0,1,2012,295984
2067,1,1.5,23.5,82.5,1,1972,402408
1797,4,3.5,10.4,72.5,2,2003,439341
500,2,2.5,41.6,74.9,1,1996,262038
1828,5,2.5,10.7,60.5,1,1988,318004
1597,5,4.0,10.3,77.6,1,1975,463165
1491,3,3.0,0.7,62.6,2,1950,383316
1306,4,1.5,16.0,30.3,1,1963,247882
2062,3,3.5,24.7,72.9,1,2023,391777
1974,3,1.5,2.4,44.9,0,2014,306201
1114,1,1.0,7.3,85.2,1,2018,293197
1704,5,2.0,30.4,53.0,1,2016,364182
1014,3,4.0,9.1,33.2,0,1998,304096
810,1,1.5,5.5,43.5,1,1999,196235
1187,4,3.0,22.3,69.4,2,2007,327051
1931,3,1.5,4.4,72.8,1,2002,339144
1977,5,3.0,45.2,48.8,0,2006,383484
1757,3,2.5,2.2,53.9,0,1967,290313
1863,4,3.0,24.5,69.9,0,1965,386936
1758,3,1.5,13.8,84.6,2,1951,338199
1179,5,3.0,40.8,51.8,2,1962,317929
1716,1,4.0,2.7,75.7,2,1994,421303
1900,5,3.0,22.7,43.9,2,2021,357507
1877,1,2.5,17.0,74.7,1,1992,359467
2094,2,4.0,13.1,81.3,1,2021,378021
1854,5,1.0,13.5,77.9,1,2003,394820
1676,5,3.0,25.6,84.9,1,2023,346085
2035,4,3.5,50.0,83.9,2,1980,446169
1487,3,1.0,1.9,97.7,1,2025,363220
1059,1,2.5,0.4,71.6,1,1958,288696
1418,1,1.5,32.8,97.7,2,2022,335190
1128,4,2.5,2.3,55.8,0,1997,250742
